SET @@session.sql_mode = '';
SET @defaultAdminId = MD5(UUID());

INSERT INTO `oxactions` (`OXID`, `OXSHOPID`, `OXTYPE`, `OXTITLE`, `OXTITLE_1`, `OXTITLE_2`, `OXTITLE_3`, `OXLONGDESC`, `OXLONGDESC_1`, `OXLONGDESC_2`, `OXLONGDESC_3`, `OXACTIVE`, `OXACTIVEFROM`, `OXACTIVETO`, `OXPIC`, `OXPIC_1`, `OXPIC_2`, `OXPIC_3`, `OXLINK`, `OXLINK_1`, `OXLINK_2`, `OXLINK_3`, `OXSORT`) VALUES
('oxstart',      1, 0, 'Startseite unten', 'Start page bottom', '', '', '', '', '', '', 0, '0000-00-00 00:00:00', '0000-00-00 00:00:00', '', '', '', '', '', '', '', '', 0),
('oxtopstart',   1, 0, 'Topangebot Startseite', 'Top offer start page', '', '', '', '', '', '', 1, '0000-00-00 00:00:00', '0000-00-00 00:00:00', '', '', '', '', '', '', '', '', 0),
('oxbargain',    1, 0, 'Angebot der Woche', 'Week''s Special', '', '', '', '', '', '', 1, '0000-00-00 00:00:00', '0000-00-00 00:00:00', '', '', '', '', '', '', '', '', 0),
('oxtop5',       1, 0, 'Topseller', 'Top seller', '', '', '', '', '', '', 1, '0000-00-00 00:00:00', '0000-00-00 00:00:00', '', '', '', '', '', '', '', '', 0),
('oxcatoffer',   1, 0, 'Kategorien-Topangebot', 'Top offer in categories', '', '', '', '', '', '', 1, '0000-00-00 00:00:00', '0000-00-00 00:00:00', '', '', '', '', '', '', '', '', 0),
('oxnewest',     1, 0, 'Frisch eingetroffen', 'Just arrived', '', '', '', '', '', '', 1, '0000-00-00 00:00:00', '0000-00-00 00:00:00', '', '', '', '', '', '', '', '', 0),
('oxnewsletter', 1, 0, 'Newsletter', 'Newsletter', '', '', '', '', '', '', 1, '0000-00-00 00:00:00', '0000-00-00 00:00:00', '', '', '', '', '', '', '', '', 0);

INSERT INTO `oxconfig` (`OXID`, `OXSHOPID`, `OXMODULE`, `OXVARNAME`, `OXVARTYPE`, `OXVARVALUE`) VALUES
('8563fba1965a11df3.34244997', 1, '', 'blEnterNetPrice', 'bool', ''),
('8563fba1965a11df3.12345678', 1, '', 'blWrappingVatOnTop', 'bool', ''),
('8563fba1965a1cc34.52696792', 1, '', 'blCalculateDelCostIfNotLoggedIn', 'bool', ''),
('8563fba1965a1f266.82484369', 1, '', 'blAllowUnevenAmounts', 'bool', ''),
('8563fba1965a219c9.51133344', 1, '', 'blUseStock', 'bool', 0x07),
('8563fba1965a23786.00479842', 1, '', 'blStoreCreditCardInfo', 'bool', ''),
('8563fba1965a25500.87856483', 1, '', 'dDefaultVAT', 'num', 0x07a1),
('8563fba1965a27185.06428911', 1, '', 'sDefaultLang', 'str', 0xde),
('8563fba1965a2b330.65668120', 1, '', 'sMerchantID', 'str', ''),
('8563fba1965a2d181.97927980', 1, '', 'sHost', 'str', 0x00d0e1aeebd778fac282663570d1660f41dc61385dbcd5d5d6f6),
('7fc4007ffb2639208.44268873', 1, '', 'sGZSLogFile', 'str', ''),
('8563fba1965a2eee6.68137602', 1, '', 'sPaymentUser', 'str', ''),
('8563fba1965a30cf7.41846088', 1, '', 'sPaymentPwd', 'str', ''),
('mlae44cdad808d9b994c58540db39e7a', 1, '', 'aLanguages', 'aarr', 0x4dba832f744c5786a371d9df3377ea87f0e2773dbaf685493e0b949a1c149111959424345b628f640a0d92ea6047ec118252e992),
('39893a0ef6a6e11645d4beee4fd0cd51', 1, '', 'aLanguageParams', 'aarr', 0x4dba832f744c5786a371d9df33778f9525f408b6efbc82de7c3c5ae3396caa6f8afb6864afa833b43597cad1fb8f9b8970c8e9098d10aae1be4637faa40a012a04e45a8a1cdd1b2ac3da558638600e58acf70fe8c192b668995bb533dac95be7af7d343b3a9c9b8daeaf4d637f065895346773476d667de331fe40d18765d4b98faf7375e1090587d8dd4bf98ad5005eb30666410920),
('mlabefd7ebdb5946e8f3f7e7a953b323', 1, '', 'aLanguageSSLURLs', 'arr', 0x4dba832f74e74df4cdd5afca153f15e216aea908af01b8),
('mla50c74dd79703312ffb8cfd82c3741', 1, '', 'aLanguageURLs', 'arr', 0x4dba832f74e74df4cdd5afca153f15e216aea908af01b8),
('3c4f033dfb8fd4fe692715dda19ecd28', 1, '', 'aCurrencies', 'arr', 0x4dbace2972e14bf2cbd3a9a4e655024620eb2a8b1770b083941edcbf1c09b8fc7a380fb4fb661e5241a9210d3ffa59395ce3d820d2a79c058e9c3a17c6815dfd492d51e0c01ace28af380e907a09677cedf73adab55f42f0154d9fc9bee3386b61956857d73768557428bf4d2f57e672f2bc3aaea791227a0de72d60c14259edefcf1358c703cf1d639f6a59d1cc9334bf7275d37b679cc79f178db9ca504c0e43),
('8563fba1baec4d3b7.61553539', 1, '', 'iNrofSimilarArticles', 'str', 0x5d),
('8563fba1baec4f6d3.38812651', 1, '', 'iNrofCustomerWhoArticles', 'str', 0x5d),
('8563fba1baec515d0.57265727', 1, '', 'iNrofCrossellArticles', 'str', 0x5d),
('8563fba1baec55dc8.04115259', 1, '', 'iUseGDVersion', 'str', 0xb6),
('8563fba1baec5b7d3.75515041', 1, '', 'sCSVSign', 'str', 0x86),
('8563fba1baec5d615.45874801', 1, '', 'iExportNrofLines', 'str', 0xb644b7),
('8563fba1baec6eaf2.01241384', 1, '', 'iCntofMails', 'str', 0xb6c7),
('8563fba1baec73b00.28734905', 1, '', 'aOrderfolder', 'aarr', 0x4dba852e754d56360c19978b3f1481d799910f7f100e9ee73438ded0565e1a5edadd7c2846da44546f068ea2903bf5953068bc0cde9838848b7b31b27787c304bab9fe83bde678242f3645cb050632af58ea55b47cb51d45d03e8bd7cb984b2c2cd0fce8b09f09a2d796f5d3faa7f0ddb6b45d4554b6a7521f75503cd75b0c),
('8563fba1c39367724.92308656', 1, '', 'blCheckTemplates', 'bool', 0x07),
('8563fba1c39370d88.58444180', 1, '', 'blLogChangesInAdmin', 'bool', ''),
('8563fba1c393750a0.46170041', 1, '', 'sUtilModule', 'str', ''),
('8563fba1c3937ee60.91079898', 1, '', 'iMallMode', 'str', 0x07),
('8563fba1c39381962.39392958', 1, '', 'aCacheViews', 'arr', 0x4dba852e75e64cf5ccd4ae48113baca2c2f96704c777824cbc13da72f905064aea430c1a75e7bb914d80360cf25cf5bd5ed9fcaf3d310ab4),
('8563fba1c39386cf4.18302736', 1, '', 'aSkipTags', 'arr', 0x4dba85c975d460d7927733e9525403bc01ae3616da4e6cdf0a9b83cf8359894abce65f2103ad7e83270c4eb019ecf2fc0a3dcde5325b2bb08143bb43ec2c868c29d48dc7bea7f3abf16f6ebd6b97c50114bb53f0f23f59568f0fe9da452cfab264b8aa17ba9e978e892fc6cdef47b7f495e487027dcd08f12ce35d7d997b031d80044d60ba090f1d82a01b62d201d77ef25ce01e68a94948b3d48c2f6c5d612c2dcd6e8af2f00dd435f5e4a4884431560fe092e46de90ebdea5199915de557220607bfc0f7c9c945192e7640e2fda7d7f36ff1215b22ea4b3569cb47763d13e81f0a2dcf9398a5ccdd093ffa578c3c505b13a91d85f0d839543b340a4407ff6ec7d0948b0e7794bc05b993636dd6ac010b7c315f671a5c9b734402efbe207473995291e3122d474f0a86d07d643df2910af62397b4dbfb27c2bc2485498d0ff6bd0eaadc6e63a0fbb596fb50f7dc04a26f6ea8fc1b36f3ea274de76375b6dc82b3924a048a7f8a6ea741e8325b280a8d8c8c33c9d044fae750ad46b80dccfd8ae0c8471bf20c4236ecc4f3220011f7318b51e8c4276141f29a88c248a7563e89decc6561ac568f444fc75b5721947e980a280cde376532a0c7af16d6ad3a7decf89a8c3f1fd923fb11f8dd3bdea9319c71ba0be02c7f1fa10c276240727b56aafa61cc48f5b4f4852d184b3cf12e879a7d96b3b3134de64d0a9f8582632d1d18e1e7c007e2fc5dc95fd460e9d02db3fd2958ca5600d1b66f0853a6cd1488133f0299e1f20f),
('8563fba1c3938ebe7.95075058', 1, '', 'aLogSkipTags', 'arr', 0x4dbaeb2d768d),
('79c3fbc9897c0d159.27469500', 1, '', 'blLoadVariants', 'bool', 0x07),
('b2b400dd011bf6273.08965005', 1, '', 'blVariantsSelection', 'bool', ''),
('43040112c71dfb0f2.40367454', 1, '', 'sDefaultImageQuality', 'str', 0x7741),
('4994145b9e87481c5.69580772', 1, '', 'aSortCols', 'arr', 0x4dba832f74e74df4cdd5af631238e7040fc97a18cf6cb28fd522f05ae28cf374f04ceeb7bd886eb10ac36ba86043beb02e),
('4994145b9e8736eb6.03785000', 1, '', 'iTop5Mode', 'str', 0x07),
('4994145b9e8678993.26056670', 1, '', 'blShowSorting', 'bool', 0x07),
('a104164f96fa51c41.58873414', 1, '', 'aSearchCols', 'arr', 0x4dbace2972e14bf2cbd3a965143ee10209cf7c1ec96ab489d324f65ce48a4270f448eaf4f155a9ab5c73fe4e9a5ab491250a15931c5e20972e66c6bc28407f60159e035a97ccf914d874cd84268812ef4a515adeeb12ae33896e),
('d144175015dcd2a39.15131643', 1, '', 'aHomeCountry', 'arr', 0x4dba322c77e44ef7ced6aca1f357003cad231d1d78fe80070841979cd58fd7eca88459d4cb9ce3b72a2804d5),
('ce143201f7e03e110.09792514', 1, '', 'aMustFillFields', 'arr', 0x4dba322775d460d7927733e9e5fb6bf2ef688abcc84baef2405f16b906eec019f3a63b927c45a833864604543fe611a86d4a9f4027235e1a3f8572bfe00be3f1f0efee2efcc915c759d77d9270c9fef10bc707cdf5bc1a299c3795b96e0b85d032c55ff31364daf0e7a37ec5362cfdfb60e2de223e8160c91b08887f22196bfa2abae5f5d862fb1d0a7e35b2ceaf862088ab34b7029b1d598e61c436d21111682cf3442e4f9f16b936b1cdc085ed0dbda4b996a2a573c0aa47d3fb73ab13d4193b4d32c87bf9994e175f864102872ef2535d5d3df359ca2b25d26640038bbe74de0c8e2ef4b4c4e887afc4d889da38c63bf1c13c57a5c8d3f66a0615e155e4c3ec6dc279693b96e5b04004171fca59cb133027c34a309d9393736914ba027d21fa8ef1b9c79ec170ffa1a2bbf4746175c0e04b9cff68ae4f2875973518b9b1abc64f8e940d42183ed4ec6e1d285b2503869374d82727fae6f33ef4dd71c52de6bf9e460837768460a9fe62570ba2f75e83fd21be7e0c8fb78106e713d0e2e79fd19f04304989166dda296361a897ad15cc9f11db0566c70e968282da76ebb76fef0409f0),
('79e417a3916b910c8.31517473', 1, '', 'bl_perfLoadAktion', 'bool', 0x07),
('79e417a4201010a12.85717286', 1, '', 'bl_perfLoadReviews', 'bool', 0x07),
('79e417a420101f3e6.18536996', 1, '', 'bl_perfLoadCrossselling', 'bool', 0x07),
('79e417a4201028c21.24163259', 1, '', 'bl_perfLoadAccessoires', 'bool', 0x07),
('79e417a420103a598.95673089', 1, '', 'bl_perfLoadCustomerWhoBoughtThis', 'bool', 0x07),
('79e417a4201044603.06076651', 1, '', 'bl_perfLoadSimilar', 'bool', 0x07),
('79e417a420104dbd8.25267555', 1, '', 'bl_perfLoadSelectLists', 'bool', 0x07),
('79e417a4201062a60.33852458', 1, '', 'bl_perfLoadDiscounts', 'bool', 0x07),
('79e417a420106baa7.25594072', 1, '', 'bl_perfLoadDelivery', 'bool', 0x07),
('79e417a420107ab46.59697382', 1, '', 'bl_perfLoadPrice', 'bool', 0x07),
('79e417a442934fcb9.11733184', 1, '', 'bl_perfLoadCatTree', 'bool', 0x07),
('79e417a45558d97f6.76133435', 1, '', 'bl_perfLoadCurrency', 'bool', 0x07),
('79e417a45558e7851.36128674', 1, '', 'bl_perfLoadLanguages', 'bool', 0x07),
('79e417a45558f1b86.05956285', 1, '', 'bl_perfLoadNews', 'bool', 0x07),
('79e417a466086f390.29565974', 1, '', 'bl_perfLoadNewsOnlyStart', 'bool', 0x07),
('c20424bf2f8e71271.42955545', 1, '', 'bl_perfLoadTreeForSearch', 'bool', 0x07),
('36d42513de8cab671.54909813', 1, '', 'bl_perfShowActionCatArticleCnt', 'bool', 0x07),
('7044252b61dcb8ac9.31672388', 1, '', 'bl_perfLoadPriceForAddList', 'bool', 0x07),
('7044252b61dd44324.24181665', 1, '', 'bl_perfParseLongDescinSmarty', 'bool', 0x07),
('77c425a29db68f0d9.00182375', 1, '', 'bl_perfLoadManufacturerTree', 'bool', 0x07),
('79e417a4eaad1a593.54850808', 1, '', 'blStoreIPs', 'bool', ''),
('33341949f476b65e8.17282442', 1, '', 'iAttributesPercent', 'str', 0x77c2),
('bf041bd98dacd9021.61732877', 1, '', 'aInterfaceProfiles', 'aarr', 0x4dbace29724a51b6af7d09aac117301142e91c3c5b7eed9a850f85c1e3d58739aa9ea92523f05320a95060d60d57fbb027bad88efdaa0b928ebcd6aacf58084d31dd6ed5e718b833f1079b3805d28203f284492955c82cea3405879ea7588ec610ccde56acede495),
('e8e41bda6fa7631d8.13775806', 1, '', 'iSessionTimeout', 'str', 0x17c3),
('6ec4235c5182c3620.11050422', 1, '', 'iNrofNewcomerArticles', 'str', 0xfb),
('6ec4235c2aaa8eec5.99966057', 1, '', 'sMidlleCustPrice', 'str', 0xfbc1),
('6ec4235c2aaa97585.69723730', 1, '', 'sLargeCustPrice', 'str', 0x07c4b1),
('6ec4235c2aa997942.70260123', 1, '', 'blWarnOnSameArtNums', 'bool', 0x07),
('a7a425c02819f7253.64374401', 1, '', 'blAutoIcons', 'bool', 0x07),
('7e9426025ff199d75.57820200', 1, '', 'sStockWarningLimit', 'str', 0x07c4),
('9a8426df9d36443e7.48701626', 1, '', 'blSearchUseAND', 'bool', ''),
('a99427345bf85a602.27736147', 1, '', 'blDontShowEmptyCategories', 'bool', ''),
('a99427345bf8fcff2.83464949', 1, '', 'bl_perfUseSelectlistPrice', 'bool', ''),
('a99427345bf9a27a1.04791092', 1, '', 'bl_perfCalcVatOnlyForBasketOrder', 'bool', ''),
('2ca4277aa49a5bd27.44511187', 1, '', 'blStockOnDefaultMessage', 'bool', 0x07),
('2ca4277aa49a634f8.76432326', 1, '', 'blStockOffDefaultMessage', 'bool', 0x07),
('6da42abf915b5f290.70877375', 1, '', 'sCntOfNewsLoaded', 'str', 0x07),
('89e42b02704ce5589.91950338', 1, '', 'iNewestArticlesMode', 'str', 0x07),
('e1142ca231becd5c4.00590616', 1, '', 'blConfirmAGB', 'bool', ''),
('a1544b76735df7bd7.33980003', 1, '', 'blEnableIntangibleProdAgreement', 'bool', 0x07),
('2e4452b5763e03c74.88240349', 1, '', 'blDisableDublArtOnCopy', 'bool', 0x07),
('fde4559837789b3c7.26965372', 1, '', 'aCMSfolder', 'aarr', 0x4dbace29724a5131411d93d207fd82ee70b3e465e8c18e1b60a35eb597a1f3bad1e50ee52570c9ca486b4755b08cea9d0a17892b1e7628a152af0ab842c7c310547016f7c53a9ad0d62060ca7fc75f2bf6892a6f9987d014c0418d2b1e7a6defd8e0d2f5b189c89b886c5d130a72f1dcb7b55c4455b720ce73743f3ed559cda8621a523aa1021ed09f9a1f0177fc9e7ab5920621aa55a368bfeb28ae782c3456362aee),
('6f8453f77d174e0a0.31854175', 1, '', 'blOtherCountryOrder', 'bool', 0x07),
('0a5455450f97fdec9.37454802', 1, '', 'blAllowNegativeStock', 'bool', ''),
('b0b4d221756c80afdad8904c0b91b877', 1, '', 'iRssItemsCount', 'str', 0xb6c7),
('8b831f739c5d16cf4571b14a76006568', 1, '', 'aSEOReservedWords', 'arr', 0x4dba422a71e248f1c8d0aa4c153fcde9eec56a0fcc7c8947b718d1dff30f2db6d7a60c59398fb5e1aa5999cfde45071ab225fba4d72b3ba9c23a4b0adb75314b1e7a2de97adee42d81197c0b48d4621740313f9df1ad63f693b7c47aa031ed88093c0e12eb85a75de769ede4f57823a56c6576106fb7),
('2b72d8716ab1c8a67e1f8eae931ce56f', 1, '', 'bl_rssSearch', 'bool', 0x07),
('2b7aa4c6e33301b5855cc538fea4bccd', 1, '', 'bl_rssTopShop', 'bool', 0x07),
('2b7f0b7ba625f0fe61993c66f21b13f3', 1, '', 'bl_rssNewest', 'bool', 0x07),
('2b7eccdd7027feb7367a6edc668164c5', 1, '', 'bl_rssCategories', 'bool', 0x07),
('fd770460540c32422b415a65fefb8f90', 1, '', 'blLoadDynContents', 'bool', ''),
('fd7a064bbb64466f8e6ba847902b2005', 1, '', 'sShopCountry', 'str', ''),
('44bcd90bd1d059.053753111', 1, '', 'sTagList', 'str', 0x071d33336bce8dbe0606),
('603a1a28ff2a421b64c631ffaf97f324', 1, '', 'sGiCsvFieldEncloser', 'str', 0x95),
('9135a582a6971656110b9a98ca5be6d2', 1, '', 'blShippingCountryVat', 'bool', ''),
('7a59f9000f39e5d9549a5d1e29c076a0', 1, '', 'blUseMultidimensionVariants', 'bool', 0x07),
('7a59f9000f39e5d9549a5d1e29c076a2', 1, '', 'blOrderOptInEmail', 'bool', 0x07),
('bd3e73e699331eb92c557113bac02fc4', 1, '', 'dPointsForInvitation', 'str', 0x07c4),
('bd320d322fa2f638086787c512329eec', 1, '', 'dPointsForRegistration', 'str', 0x07c4),
('99065ff58e9d2c1b2e362e54c0bb54f3', 1, '', 'blNewArtByInsert', 'bool', 0x07),
('rgk2a8c9cf8c9d23b3a7c8e9c090baf1', 1, '', 'sTheme', 'str', 0x79d904cb),
('8563fba1c39367724.92308656123111', 1, '', 'sDownloadsDir', 'str', 0x603ee70d5409aee3c7d241d291),
('5i1c49faf83b3fe3d6bdbfa301e2704d', 1, '', 'iLinkExpirationTime', 'str', 0x070de9),
('5i1d215fe1d6f0e1061ba1134e0ee4f2', 1, '', 'iDownloadExpirationTime', 'str', 0xb6e2),
('l8g3e140a4bc7993d7d715df951dfe25', 1, '', 'iMaxDownloadsCountUnregistered', 'str', 0x07),
('l8g957be9e7b13412960c7670f71ba3b', 1, '', 'iMaxDownloadsCount', 'str', 0xde),
('mhjf24905a5b49c8d60aa31087b9797f', 1, '', 'blShowRememberMe', 'bool', 0x07),
('omc4555952125c3c2.98253113', 1, '', 'blDisableNavBars', 'bool', 0x07),
('mhjf24905a5b49c8d60aa31087b97971', 1, '', 'blEnableSeoCache', 'bool', 0x07),
('b0b4d221756b49c8d60a904c0b91b877', 1, '', 'blCheckSysReq', 'bool', 0x07),
('l8g957be9e7b13412960c7670f71ba31', 1, '', 'sAdditionalServVATCalcMethod', 'str', 0x55ca40ff0d0a72f5b908f2),
('fecfcd8dbd01a491a94557448425acc8', 1, '', 'blShowTSInternationalFeesMessage', 'bool', 0x07),
('32ddeaf2694e06b47b6ff74eafc69b65', 1, '', 'sParcelService', 'str', 0x00d0e1ae33bb246b4db7d698833845bc01ce92a99a0169defbf5a3ebd40c370b8263a44651fab2043cb8477f7af1a7b1cc420c85d267015673643809e17dbd8c188fcaff8fc6),
('1eada690d18be312ef5e49b8451440e7', 1, '', 'blShowTSCODMessage', 'bool', 0x07);

INSERT INTO `oxconfig` (`OXID`, `OXSHOPID`, `OXMODULE`, `OXVARNAME`, `OXVARTYPE`, `OXVARVALUE`) VALUES
('8563fba1baec57c19.08644217', 1, '', 'sThumbnailsize', 'str', 0x07c4b144c7b838),
('8563fba1baec599d5.89404456', 1, '', 'sCatThumbnailsize', 'str', 0x5d43334072bf3f),
('6ec4235c2aaa45d77.87437919', 1, '', 'sIconsize', 'str', 0x5d09ae6470),
('62642dfaa1d88b1b2.94593071', 1, '', 'sZoomImageSize', 'str', 0xfb42b1443b3e38),
('62642dfaa1d87d064.50653921', 1, '', 'aDetailImageSizes', 'aarr', 0x4dba326a73d2cdcb471b9533d7800b4b898873f7ae9dc29edf3ce8fab64f8609e31d318807f46516ea31aa94cb0b4edaaf32e7cb502403b480dd7cb1451f56975c3fd6159579cd2cab97104f17ae6a99af864bc1acb550c7e78b82f4618aeb8ba7fbec5409f277e0a2b84e66c24f96ba3fa76665f6a9294d8bf365bf7d3d0d56faf2355df799bc2892994db56203b0f5967ddbe8d403cead91988dfc82772557950eb1ba0d9468f3d8ca7170cde789d6c1282016056e51005091e7440fa453b1235c40010a71ff46f681c74515b4fda6da204abf3178561e271f8202652eabe106a93f9f4d1ed363f2f33c1e29716b95be88112373c48373148b134f2e0312bcfa2f2ba96f5cb15338dee7265d0efc66fe6526a6047b0e2bc4896143076e8dbc7dd8a7448ba2a5233814dd6abc39cb811a4d295c95cdaffde7cb8a5a3fddfe14f9a580973e9660a622f0d774bdb9);

INSERT INTO `oxconfig` (`OXID`, `OXSHOPID`, `OXMODULE`, `OXVARNAME`, `OXVARTYPE`, `OXVARVALUE`) VALUES
('1ec4235c2aee774aa45d772875437919', 1, 'theme:azure', 'sIconsize', 'str', 0x8064a213b1),
('1563fba1bee774aec57c192086494217', 1, 'theme:azure', 'sThumbnailsize', 'str', 0x079a3a49ca3630),
('12642dfaa1dee77487d0644506753921', 1, 'theme:azure', 'aDetailImageSizes', 'aarr', 0x4dba326a73d2cdcb471b9533d7800b4b898873f7ae9dc29ed9e0e4f6bc678f00ea1438810efd6c1fe338a39dc20247d3a63beec4852106b7a1dd7cb1451f56975c3fd6159579cd2cab97104f17ae6c45a38a41e9a5bc59ceee828bfd6883e282aef2e55d00fb7ee9abb79b63c74cb7ba3fa76665f6a9294d8bf365bf7d3d0d56faf2355df145b02498b144bc6b0ab9fc9f74d2e1dd0ac7a4989184f58b7e2c58400bb4b92c9468f3d8ca7170cde789d6c1282016056e51005091e19803a859992a5549080378f64fff88ce4c1cbdf4afd32943b63877831b221ca302652eabe106a93f9f4d1ed363f2f33c1e29716b95b8541d2f79ec8a7a1d821a46270a1bb5f32622a06655b85a31d7ee2f52dbf963fd4426a6047b0e2bc4896143076e8dbc7dd8a7448ba2a5233ec8d166b611c288134420559cc4a6f4eec2835336d4f71df0ac899e314365a321d1d774bdb9),
('12642dfaa1dee77488b1b22948593071', 1, 'theme:azure', 'sZoomImageSize', 'str', 0x170a3340d372be),
('1ec42a395d0595ee7741091898848798', 1, 'theme:azure', 'sCatIconsize', 'str', 0x070de94ac9b636),
('1563fba1bee774aec599d56894094456', 1, 'theme:azure', 'sCatThumbnailsize', 'str', 0x77e7ed4ecd3137),
('1ec42a395d0595ee7741091898848987', 1, 'theme:azure', 'sCatPromotionsize', 'str', 0xb06fb441c2bd94),
('1ec42a395d0595ee7741091898848789', 1, 'theme:azure', 'sManufacturerIconsize', 'str', 0x07c4b144c7b838),
('18a9473894d473f6ed28f04e80d929fc', 1, 'theme:azure', 'bl_showCompareList', 'bool', 0x07),
('18acb2f595da54b5f865e54aa5cdb967', 1, 'theme:azure', 'bl_showListmania', 'bool', 0x07),
('18a12329124850cd8f63cda6e8e7b4e1', 1, 'theme:azure', 'bl_showWishlist', 'bool', 0x07),
('18a23429124850cd8f63cda6e8e7b4e1', 1, 'theme:azure', 'bl_showVouchers', 'bool', 0x07),
('18a34529124850cd8f63cda6e8e7b4e1', 1, 'theme:azure', 'bl_showGiftWrapping', 'bool', 0x07),
('15342e4cab0ee774acb3905838384984', 1, 'theme:azure', 'blShowBirthdayFields', 'bool', 0x07),
('11296159b7641d31b93423972af6150b', 1, 'theme:azure', 'iTopNaviCatCount', 'str', 0xfb),
('1ec42a395d0595ee7741091898848989', 1, 'theme:azure', 'sDefaultListDisplayType', 'select', 0x83cd10b7f09064ed),
('1ec42a395d0595ee7741091898848992', 1, 'theme:azure', 'sStartPageListDisplayType', 'select', 0x83cd10b7f09064ed),
('1ec42a395d0595ee7741091898848990', 1, 'theme:azure', 'blShowListDisplayType', 'bool', 0x07),
('1ec42a395d0595ee7741091898848474', 1, 'theme:azure', 'iNewBasketItemMessage', 'select', 0x07),
('1545423fe8ce213a0435345552230295', 1, 'theme:azure', 'aNrofCatArticles', 'arr', 0x4dbace2972e14bf2cbd3a9a4113b83ad1c8f7b704f710ba39fd1ecd29b438b41809712e316c6f4fdc92741f7876cc6fca127d78994e604dcc99519),
('1ec42a395d0595ee7741091898848991', 1, 'theme:azure', 'aNrofCatArticlesInGrid', 'arr', 0x4dbace2972e14bf2cbd3a9a4113b83c51e8d79724d7309a19dd3ee6153448c46879015e411c1f3fa250245f38368c2f8a523d58c91546b92cdf6),
('0bf20625433b3919eefe3ebb043776d3', 1, 'theme:flow', 'sEmailLogo', 'str', 0x942748b21dc5aa40be4dbb4b05b4),
('e7b813e355942fd26d85be6526d9793d', 1, 'theme:flow', 'sManufacturerIconsize', 'str', 0x07c4b144c7b838),
('9f57004e69c0e374bd5a3fdc4cca8086', 1, 'theme:flow', 'sCatIconsize', 'str', 0x070de94ac9b636),
('9a342c4dbb9302cc7935dedd450132fa', 1, 'theme:flow', 'aDetailImageSizes', 'aarr', 0x4dba326a73d2cdcb471b9533d7800b4b898873f7ae9dc29e349deefcb66d850ae01e328b04f76615e932a997c8084dd9ac31e423f22106b7a1dd7cb1451f56975c3fd6159579cd2cab97104f17ae8138a9804be3afb653c4e48881f76289e888a4f8ef570af174e3a150ec63c74cb7ba3fa76665f6a9294d8bf365bf7d3d0d56faf2355d1c38ba2e92bb4eb66100b3f6957ed8ebd700cdae929b8eff817426bf370bb4b92c9468f3d8ca7170cde789d6c1282016056e510050910ce509a25393205f43020972fc45f582c44616b7fea5d92349bc3290f41b221ca302652eabe106a93f9f4d1ed363f2f33c1e29716b955529172573e680701788104c2d0011bff92c28aa6c5fb2503bdde425b5acf963fd4426a6047b0e2bc4896143076e8dbc7dd8a7448ba2a523d3b5db6cbc1bc882194e2a5f96ceacfee4c889593cdefd17faa68394d63465a321d1d774bdb9),
('2e8e4b6beb4dab1c12808d34610eafdc', 1, 'theme:flow', 'sCatPromotionsize', 'str', 0xb06fb441c2bd94),
('ff6ddf21d9cbb35f8bf5318c67a2ec97', 1, 'theme:flow', 'sCatThumbnailsize', 'str', 0x071d955c1cd4bda6),
('2b83db578b2d598c155160dd9af44a95', 1, 'theme:flow', 'sIconsize', 'str', 0x8064a213b1),
('3e55fc99f0608a98cfaef0d7089764a0', 1, 'theme:flow', 'sThumbnailsize', 'str', 0xb0a3ba4f7d95b7),
('f838ff14c973de33f8ee1574c8ae28e3', 1, 'theme:flow', 'sZoomImageSize', 'str', 0x170a3340d372be),
('08567786d3d6f6b7599738e2b1012692', 1, 'theme:flow', 'bl_showCompareList', 'bool', 0x07),
('c67c11a7a059a8681f708e7bff43619f', 1, 'theme:flow', 'bl_showListmania', 'bool', 0x07),
('20be6d4e9998af367e4aa5bcdc0bb058', 1, 'theme:flow', 'bl_showWishlist', 'bool', 0x07),
('3cac0ace23a117f67cf9eb77ad23d504', 1, 'theme:flow', 'bl_showVouchers', 'bool', 0x07),
('7e7e3971926d6b49073f0e8c8cf54c5e', 1, 'theme:flow', 'bl_showGiftWrapping', 'bool', 0x07),
('7a99bf465ffda98b493c6090c3f2119f', 1, 'theme:flow', 'blShowBirthdayFields', 'bool', 0x07),
('9eeaf8b289b2ae63c9219197b376107a', 1, 'theme:flow', 'blShowFinalStep', 'bool', 0x07),
('4f76c809ff3bd883b96b0689a0796609', 1, 'theme:flow', 'sDefaultListDisplayType', 'select', 0x83cd10b7f09064ed),
('486fdd253ef779f74b92f38277ed2449', 1, 'theme:flow', 'sStartPageListDisplayType', 'select', 0x25f9f804),
('6de0ee4a3241ffd92e0a3c2b5752829c', 1, 'theme:flow', 'blShowListDisplayType', 'bool', 0x07),
('99f67f0296327b4cf0981a4b512265f3', 1, 'theme:flow', 'iNewBasketItemMessage', 'select', 0xb6),
('30f505ebaa207599db014573a276e9ea', 1, 'theme:flow', 'aNrofCatArticles', 'arr', 0x4dbace2972e14bf2cbd3a9a4113b83ad1c8f7b704f710ba39fd1ecd29b438b41809712e316c6f4fdc92741f7876cc6fca127d78994e604dcc99519),
('02ae638d8709f3aa5f25c606ca33b284', 1, 'theme:flow', 'aNrofCatArticlesInGrid', 'arr', 0x4dbace2972e14bf2cbd3a9a4113b83c51e8d79724d7309a19dd3ee6153448c46879015e411c1f3fa250245f38368c2f8a523d58c91546b92cdf6),
('47645e1b04f106c0076643b5e9fd2dbd', 1, 'theme:flow', 'bl_showManufacturerSlider', 'bool', 0x07),
('a5271565ed32f8d3498a7692d4a27f00', 1, 'theme:flow', 'sGoogleMapsAddr', 'str', 0xda37080488abb110f9511073d0f569036f9d5a1f6a7fa627afc72fbe810d0563f7edc6bc19e9faae81865ec3b6f865e0ca),
('7a835859182ddb5662ae11a2de762db7', 1, 'theme:flow', 'blUseGAPageTracker', 'bool', 0x07),
('8848ae18893aa90eada817e96d5da9ae', 1, 'theme:flow', 'sGATrackingId', 'str', ''),
('16bfd75043f6d41a4bcfe6a87ab93165', 1, 'theme:flow', 'sFacebookUrl', 'str', 0x00d0e1aeebd778fa49b315d49dbaf2e6c1349106c9da5a31ae0e49a790442dcface2f5),
('715e8d62f9678ab90640277ef276dc57', 1, 'theme:flow', 'sTwitterUrl', 'str', 0x00d0e1aeebd778fac2b08d85307f7aa4f33e9c5280c85d8aafda12218a0c65),
('a85c5875093e039df77091b68cafe490', 1, 'theme:flow', 'sYouTubeUrl', 'str', 0x00d0e1aeebd778fa49b315d40d88f5aff800205639d85f83435eba8889b06c49b6aabdcf29a076),
('42b45696cf0d9913c7fcc0b26bb98b2c', 1, 'theme:flow', 'blGAAnonymizeIPs', 'bool', 0x07),
('8aa16888517fd188628e1ae939936676', 1, 'theme:flow', 'blUseGAEcommerceTracking', 'bool', 0x07),
('b42573c6d0627597fdb7c6f3bfeca7f2', 1, 'theme:flow', 'sLogoWidth', 'str', 0xb6c7b2),
('b7f9bb15adb82da4d61abd94e44ee1ff', 1, 'theme:flow', 'sLogoHeight', 'str', 0xb098),
('b76a020b0d4e1decd30803915bfb5c64', 1, 'theme:flow', 'sFaviconFile', 'str', 0x79000644af5767f4d7dc62),
('faf1fc8c7cff4ddcb08b17cc1d2c451d', 1, 'theme:flow', 'sFavicon16File', 'str', 0x79000644af5767e6228e5470901b92dbd5),
('19886959465d3ff20e3ba05048bed2ab', 1, 'theme:flow', 'sFavicon32File', 'str', 0x79000644af5767e6952d52c1351b92dbd5),
('befdc289999c90cc1a376712108e3c0e', 1, 'theme:flow', 'sFavicon48File', 'str', 0x79000644af5767e6de1c5f87091b92dbd5),
('92b971e0c843a8b90728ab48fd457da6', 1, 'theme:flow', 'sFavicon64File', 'str', 0x79000644af5767e6326551657e1b92dbd5),
('359b59593eeee54186fceea68c3e6bd5', 1, 'theme:flow', 'sFavicon128File', 'str', 0x79000644af5767e6222ffa198d7874d59eb3bd),
('5fb544d09b282311c4c43581f541b851', 1, 'theme:flow', 'sFavicon512File', 'str', 0x79000644af5767e6789acb14dac048d59eb3bd),
('287a21b1230a55e2ef42444cb997c8a7', 1, 'theme:flow', 'sFaviconMSTileColor', 'str', 0xdbe489594ca46c),
('1c61b3b63336c5668128a9f3618a8e74', 1, 'theme:flow', 'sBlogUrl', 'str', 0x00d0e1ae33bb2426d4c13ad686d60fed72df8582c8631c9b461319),
('7205857e2b5d39e3745c31f2013de8e6', 1, 'theme:flow', 'sGooglePlusUrl', 'str', 0x00d0e1aeebd778fa21386b3d78d9f35abace215738d95e823f349b6cf969a88386d9ca3fbf80d7d4ffe0156bb2),
('5fc3af6becbf279eda64416260cc371e', 1, 'theme:flow', 'sBackgroundColor', 'str', 0xdb8f89a0725ec3),
('a2255ef44132a579d990a5e871753a59', 1, 'theme:flow', 'sBackgroundPath', 'str', 0x679be558191c478fac1bc75462aa22cbfee85c7bfc417650),
('b29180270d4e15a5efc6681ee2a22119', 1, 'theme:flow', 'sBackgroundRepeat', 'select', 0x8f25902f58076a32dc),
('329271635e40c6236484a3d1b86cdaa3', 1, 'theme:flow', 'sBackgroundPosHorizontal', 'select', 0x6c95e74d1a80),
('8b622e0589949d5f5f224e4a976d301a', 1, 'theme:flow', 'sBackgroundPosVertical', 'select', 0x933f05),
('4144b1d415d9be015b0b73e7478160a2', 1, 'theme:flow', 'sBackgroundSize', 'select', 0x6c280d1171),
('9ebe32cd9d943b868a0d21fafe7a0e31', 1, 'theme:flow', 'blBackgroundAttachment', 'bool', 0x07),
('1d6bac02d81d0b66ed523dd7c1fadb29', 1, 'theme:flow', 'blUseBackground', 'bool', ''),
('a283459c5f22fbf36a0c5c1dd9289bc0', 1, 'theme:flow', 'blUseGoogleTS', 'bool', ''),
('83bc182b503a1c1f30809462293048a2', 1, 'theme:flow', 'sGoogleVendorId', 'str', ''),
('4c08e5642affe98d92efa0d88c5f9f45', 1, 'theme:flow', 'sGoogleShoppingAccountId', 'str', ''),
('42d40333daec7911e529587a0ccdf231', 1, 'theme:flow', 'sPageLanguage', 'str', 0xce92a204f4),
('4754e7633d3c7d629696566b1f090acc', 1, 'theme:flow', 'sShoppingCountry', 'str', 0xec5a),
('2f3b2915449c11f301e1f3c6f4d5d624', 1, 'theme:flow', 'sShoppingLanguage', 'str', 0xce92),
('6310aac9c4e28925ff4a38707b19c929', 1, 'theme:flow', 'sShippingDaysOnStock', 'str', 0xb0),
('67a23d187f8e82d1ff5740b8ad970cba', 1, 'theme:flow', 'sShippingDaysNotOnStock', 'str', 0x5d),
('0afdb913e05ef8fe4db86134727f2091', 1, 'theme:flow', 'sDeliveryDaysOnStock', 'str', 0x17),
('16669bd232fb8ed80161039c987d7d7e', 1, 'theme:flow', 'sDeliveryDaysNotOnStock', 'str', 0x07e1),
('21aab05ff5ffb9d97f3f74fe42a73776', 1, 'theme:flow', 'blSliderShowImageCaption', 'bool', 0x07),
('47d214681abba5bd79b558fd14a66738', 1, 'theme:flow', 'blFooterShowHelp', 'bool', 0x07),
('4ce74be75654d89aebb4d003af00af36', 1, 'theme:flow', 'blFooterShowLinks', 'bool', 0x07),
('e2f220830be47ee41df7a9d4542a0128', 1, 'theme:flow', 'blFooterShowNewsletter', 'bool', 0x07),
('839b5d6e01ff652ff7150e7dad3ccd61', 1, 'theme:flow', 'blFooterShowNewsletterForm', 'bool', 0x07),
('2d856fd6e3269163319c9c0c5940e806', 1, 'theme:flow', 'blEmailsShowProductPictures', 'bool', ''),
('b61df7ee844f44bb4b55acafbaa5ccf8', 1, 'theme:flow', 'blFooterShowNews', 'bool', 0x07),
('b28f4d00a8557f20a65e853a17a4e945', 1, 'theme:flow', 'sLogoFile', 'str', 0x942748b21d78ed91e41c4cb2b7),
('74922a76f7c0c074738ef1a0e204c18d', 1, 'theme:flow', 'blFullwidthLayout', 'bool', '');

INSERT INTO `oxconfigdisplay` (`OXID`, `OXCFGMODULE`, `OXCFGVARNAME`, `OXGROUPING`, `OXVARCONSTRAINT`, `OXPOS`) VALUES
('1ec4235c2aee774aa45d772875437919', 'theme:azure', 'sIconsize', 'images', '', 1),
('1563fba1bee774aec57c192086494217', 'theme:azure', 'sThumbnailsize', 'images', '', 2),
('1563fba1bee774aec599d56894094456', 'theme:azure', 'sCatThumbnailsize', 'images', '', 3),
('12642dfaa1dee77488b1b22948593071', 'theme:azure', 'sZoomImageSize', 'images', '', 4),
('12642dfaa1dee77487d0644506753921', 'theme:azure', 'aDetailImageSizes', 'images', '', 5),
('18a9473894d473f6ed28f04e80d929fc', 'theme:azure', 'bl_showCompareList', 'features', '', 6),
('18acb2f595da54b5f865e54aa5cdb967', 'theme:azure', 'bl_showListmania', 'features', '', 7),
('18a12329124850cd8f63cda6e8e7b4e1', 'theme:azure', 'bl_showWishlist', 'features', '', 8),
('18a23429124850cd8f63cda6e8e7b4e1', 'theme:azure', 'bl_showVouchers', 'features', '', 9),
('18a34529124850cd8f63cda6e8e7b4e1', 'theme:azure', 'bl_showGiftWrapping', 'features', '', 10),
('15342e4cab0ee774acb3905838384984', 'theme:azure', 'blShowBirthdayFields', 'display', '', 14),
('11296159b7641d31b93423972af6150b', 'theme:azure', 'iTopNaviCatCount', 'display', '', 15),
('6ec4235c2aee774aa45d772875437789', 'theme:azure', 'sManufacturerIconsize', 'images', '', 6),
('8563fba1bee774aec57c192086494897', 'theme:azure', 'sCatIconsize', 'images', '', 7),
('8563fba1bee774aec599d56894094987', 'theme:azure', 'sCatPromotionsize', 'images', '', 8),
('1ec42a395d0595ee7741091898848989', 'theme:azure', 'sDefaultListDisplayType', 'display', 'infogrid|line|grid', 21),
('1ec42a395d0595ee7741091898848992', 'theme:azure', 'sStartPageListDisplayType', 'display', 'infogrid|line|grid', 22),
('1ec42a395d0595ee7741091898848990', 'theme:azure', 'blShowListDisplayType', 'display', '', 20),
('1ec42a395d0595ee7741091898848474', 'theme:azure', 'iNewBasketItemMessage', 'display', '0|1|2|3', 17),
('1545423fe8ce213a06.20230295', 'theme:azure', 'aNrofCatArticles', 'display', '', 23),
('1ec42a395d0595ee7741091898848991', 'theme:azure', 'aNrofCatArticlesInGrid', 'display', '', 24),
('baf6cb6cc46c90434297cfa28a2465df', 'theme:flow', 'sIconsize', 'images', '', 1),
('f790332afda44f74b211dfe6ea5c08de', 'theme:flow', 'sThumbnailsize', 'images', '', 2),
('d1c29cb8ac480fa9009e0fbc10261721', 'theme:flow', 'sCatThumbnailsize', 'images', '', 3),
('a2504cf9ca9671f6c774f0d45ad29466', 'theme:flow', 'sZoomImageSize', 'images', '', 4),
('3f801f3816bb1d9b7088a12b9f337da5', 'theme:flow', 'aDetailImageSizes', 'images', '', 5),
('0db73f8d5dcf8276c482dacd5daf66eb', 'theme:flow', 'bl_showCompareList', 'features', '', 6),
('474b196f644a906313dfdbc65288fd89', 'theme:flow', 'bl_showListmania', 'features', '', 7),
('5e49cc06e3e5c35f6f5ec74612c264ea', 'theme:flow', 'bl_showWishlist', 'features', '', 8),
('9599dbc6486a7a239131100a7c142d23', 'theme:flow', 'bl_showVouchers', 'features', '', 9),
('842c098286d1d1ebcc7b68a25b858512', 'theme:flow', 'bl_showGiftWrapping', 'features', '', 10),
('f3d46784c4d2a7b3b40050d2d7031ee8', 'theme:flow', 'blShowBirthdayFields', 'display', '', 14),
('bf0fa8a27731fed993b7b8069229ae76', 'theme:flow', 'blShowFinalStep', 'display', '', 16),
('51e09817c2edba9d92d694bc6b986595', 'theme:flow', 'sManufacturerIconsize', 'images', '', 6),
('09362d856a2cf6b860ddea2616790e4e', 'theme:flow', 'sCatIconsize', 'images', '', 7),
('697b4dcf0e224f0d24667191818188ab', 'theme:flow', 'sCatPromotionsize', 'images', '', 8),
('4cb2db0fb45de2d1a86c19b22222c22a', 'theme:flow', 'sDefaultListDisplayType', 'display', 'infogrid|line|grid', 21),
('8b3f2c69cc65bc263a2af3ed1a91b598', 'theme:flow', 'sStartPageListDisplayType', 'display', 'infogrid|line|grid', 22),
('1cfe50763f3c707d58b540d9314bd795', 'theme:flow', 'blShowListDisplayType', 'display', '', 20),
('42edfa1d5d279cb471ac88fbb2571b1d', 'theme:flow', 'iNewBasketItemMessage', 'display', '0|1|2|3', 17),
('d11bdba26efdf81a6168b1730ac6b31e', 'theme:flow', 'aNrofCatArticles', 'display', '', 23),
('042f8ae08d29463046f30a6c92682da4', 'theme:flow', 'aNrofCatArticlesInGrid', 'display', '', 24),
('042f8ae08d29463046f30a6c92682da5', 'theme:flow', 'bl_showManufacturerSlider', 'display', '', 25),
('1cddb8f9d6dcfc647d3f8e8e66d28ee5', 'theme:flow', 'sFacebookUrl', 'footer', '', 0),
('14e1c130168c35e44e058718f08b89eb', 'theme:flow', 'sTwitterUrl', 'footer', '', 0),
('59925a9c6fba1426db91812d971b8a1f', 'theme:flow', 'sYouTubeUrl', 'footer', '', 0),
('0cc56c5f5be8f4183d44f6e678456841', 'theme:flow', 'sGoogleMapsAddr', 'contact', '', 0),
('4cb9f1fcbef84e96f77150b5516194ed', 'theme:flow', 'blUseGAPageTracker', 'googleanalytics', '', 0),
('403ecea6b4b7aa9b742b11a0433c0be0', 'theme:flow', 'sGATrackingId', 'googleanalytics', '', 0),
('a9984735e07c8c8ada727f7255e4a1a2', 'theme:flow', 'blGAAnonymizeIPs', 'googleanalytics', '', 0),
('e8e773778b8fe80ef49f89a22584ed07', 'theme:flow', 'sLogoFile', 'logo', '', 0),
('5468524f725c809e5c604afd9f763814', 'theme:flow', 'blUseGAEcommerceTracking', 'googleanalytics', '', 0),
('1f7ed56af44c407cf2fb6063ed360b6e', 'theme:flow', 'sLogoWidth', 'logo', '', 0),
('c9e2fa62943ae6406ab5f9a3786d51cd', 'theme:flow', 'sLogoHeight', 'logo', '', 0),
('0cb126e10d47c6521d792a3068d90f06', 'theme:flow', 'sFaviconFile', 'favicons', '', 1),
('e4d52bea45d7958415bed457567e55d5', 'theme:flow', 'sFavicon16File', 'favicons', '', 2),
('72484c39caa4952023960368c9436eb1', 'theme:flow', 'sFavicon32File', 'favicons', '', 3),
('c93289d885ca7b141b438319f81a3df3', 'theme:flow', 'sFavicon48File', 'favicons', '', 4),
('9cfc9f8b749d97f7957a3149c2d7b9a0', 'theme:flow', 'sFavicon64File', 'favicons', '', 5),
('c85b0c087412d5509d24dcea15ac407d', 'theme:flow', 'sFavicon128File', 'favicons', '', 6),
('f0295f3826d540606f06c97a1c3f526f', 'theme:flow', 'sFavicon512File', 'favicons', '', 7),
('9f2da8e5403dd68e59e16002e963f074', 'theme:flow', 'sFaviconMSTileColor', 'favicons', '', 8),
('2cc9f3ea370184978ac815596a156400', 'theme:flow', 'sEmailLogo', 'logo', '', 3),
('f790377ecb7915a7544b7b013a19507f', 'theme:flow', 'sBlogUrl', 'footer', '', 0),
('fc1ba136326a9473ac249859b0419671', 'theme:flow', 'sGooglePlusUrl', 'footer', '', 0),
('7ae9b19d317dc73374f4f366bcd79849', 'theme:flow', 'blUseBackground', 'background', '', 1),
('a58604fa12c801587ff2765451605fde', 'theme:flow', 'sBackgroundColor', 'background', '', 2),
('1c7e564dbce9e258e2080b75b6efac55', 'theme:flow', 'sBackgroundPath', 'background', '', 3),
('11c59dff7bd1bbffda1f3a2acf8875f2', 'theme:flow', 'sBackgroundRepeat', 'background', 'no-repeat|repeat-x|repeat-y|repeat', 4),
('0d1563b50e9d90fceff9b18ad95b5598', 'theme:flow', 'sBackgroundPosHorizontal', 'background', 'left|right|center', 5),
('91ebc7cacfcb006cdf06b3afab3e68a5', 'theme:flow', 'sBackgroundPosVertical', 'background', 'top|bottom|center', 6),
('b9aeb7409052836e6fa4925507389a84', 'theme:flow', 'sBackgroundSize', 'background', 'cover|contain|normal', 7),
('c6e2a0faf1dd9c8edcab602bc3eb1979', 'theme:flow', 'blBackgroundAttachment', 'background', '', 8),
('7b7f24babda3f6f9966bab24664ac1d9', 'theme:flow', 'blUseGoogleTS', 'googlets', '', 1),
('d32fef4b817367ddd93712a5b6f4880a', 'theme:flow', 'sGoogleVendorId', 'googlets', '', 2),
('4c500ae122fd28a5e19bea014a95006b', 'theme:flow', 'sGoogleShoppingAccountId', 'googlets', '', 4),
('59128ae70e846d3aeb4faf08a8e0cc9e', 'theme:flow', 'sPageLanguage', 'googlets', '', 5),
('1f9b97e606be26eaa3990cecb144dc4a', 'theme:flow', 'sShoppingCountry', 'googlets', '', 6),
('e004bf676429020f6cd5e3781c24bbd4', 'theme:flow', 'sShoppingLanguage', 'googlets', '', 7),
('223fccfb136d6337f943fa263c1bf2d5', 'theme:flow', 'sShippingDaysOnStock', 'googlets', '', 8),
('fc2d4177ca6e5594987f5d0cd5701760', 'theme:flow', 'sShippingDaysNotOnStock', 'googlets', '', 9),
('f47de955b128f96bf58e949cec431408', 'theme:flow', 'sDeliveryDaysOnStock', 'googlets', '', 10),
('47843eae6e1ab6518652fb003891a867', 'theme:flow', 'sDeliveryDaysNotOnStock', 'googlets', '', 11),
('9760bfcd17f5dbd30e261c045711d3ed', 'theme:flow', 'blSliderShowImageCaption', 'images', '', 9),
('93de3805c1e330ff33a568550e2414d9', 'theme:flow', 'blFullwidthLayout', 'display', '', 10),
('994aff028981fc19681f0db08a80f7f5', 'theme:flow', 'blFooterShowHelp', 'footer', '', 1),
('e676ec37632a4e1b1d30cc839c06614f', 'theme:flow', 'blFooterShowLinks', 'footer', '', 2),
('0cd598f56d0a74e8c4e4d75a961960f4', 'theme:flow', 'blFooterShowNewsletter', 'footer', '', 4),
('8838d89730016811eab0e0e5d71c52d1', 'theme:flow', 'blFooterShowNewsletterForm', 'footer', '', 5),
('c9ef60e5f343d3cdf0747f33cb942624', 'theme:flow', 'blEmailsShowProductPictures', 'emails', '', 1),
('e0fb9345d9a85a86e62d485bfc354432', 'theme:flow', 'blFooterShowNews', 'footer', '', 6);


INSERT INTO `oxcontents` (`OXID`, `OXLOADID`, `OXSHOPID`, `OXSNIPPET`, `OXTYPE`, `OXACTIVE`, `OXACTIVE_1`, `OXPOSITION`, `OXTITLE`, `OXCONTENT`, `OXTITLE_1`, `OXCONTENT_1`, `OXACTIVE_2`, `OXTITLE_2`, `OXCONTENT_2`, `OXACTIVE_3`, `OXTITLE_3`, `OXCONTENT_3`, `OXCATID`, `OXFOLDER`, `OXTERMVERSION`) VALUES
('8709e45f31a86909e9f999222e80b1d0', 'oxstdfooter', 1, 1, 0, 1, 1, '', 'Standard Footer', '<div>OXID Online Shop - Alles rund um das Thema Wassersport, Sportbekleidung und Mode </div>', 'standard footer', '<div>OXID Online Shop - All about watersports, sportswear and fashion </div>', 1, '', '', 1, '', '', '30e44ab83fdee7564.23264141', '', ''),
('ad542e49bff479009.64538090', 'oxadminorderemail', 1, 1, 0, 1, 1, '', 'Ihre Bestellung Admin', 'Folgende Artikel wurden soeben unter [{ $shop->oxshops__oxname->value }] bestellt:<br>\r\n<br>', 'your order admin', 'The following products have been ordered in [{ $shop->oxshops__oxname->value }] right now:<br>\r\n<br>', 1, '', '', 1, '', '', '30e44ab83fdee7564.23264141', 'CMSFOLDER_EMAILS', ''),
('c8d45408c4998f421.15746968', 'oxadminordernpemail', 1, 1, 0, 1, 1, '', 'Ihre Bestellung Admin (Fremdl�nder)', '<div>\r\n<p> <span style="color: #ff0000;"><strong>Hinweis:</strong></span> Derzeit ist keine Liefermethode f�r dieses Land bekannt. Bitte Lieferm�glichkeiten suchen und den Besteller unter Angabe der <strong>Lieferkosten</strong> informieren!\r\n&nbsp;</p> </div>\r\n<div>Folgende Artikel wurden soeben unter [{ $shop->oxshops__oxname->value }] bestellt:<br>\r\n<br>\r\n</div>', 'your order admin (other country)', '<p> <span style="color: #ff0000"><strong>Information:</strong></span> Currently, there is no shipping method defined for this country. Please find a delivery option and inform the customer about the <strong>shipping costs</strong>.</p>\r\n<p>The following products have been ordered on [{ $shop->oxshops__oxname->value }]:<br />\r\n<br /></p>', 1, '', '', 1, '', '', '30e44ab83fdee7564.23264141', 'CMSFOLDER_EMAILS', ''),
('c8d45408c718782f3.21298666', 'oxadminordernpplainemail', 1, 1, 0, 1, 1, '', 'Ihre Bestellung Admin (Fremdl�nder) Plain', 'Hinweis: Derzeit ist keine Liefermethode f�r dieses Land bekannt. Bitte Lieferm�glichkeiten suchen und den Besteller informieren!\r\n\r\nFolgende Artikel wurden soeben unter [{ $shop->oxshops__oxname->getRawValue() }] bestellt:', 'your order admin plain (other country)', '<p>Information: Currently, there is no shipping method defined for this country. Please find a delivery option and inform the customer about the shipping costs.\r\n\r\nThe following products have been ordered on [{ $shop->oxshops__oxname->getRawValue() }]:</p>', 1, '', '', 1, '', '', '30e44ab83fdee7564.23264141', 'CMSFOLDER_EMAILS', ''),
('ad542e49c19109ad6.04198712', 'oxadminorderplainemail', 1, 1, 0, 1, 1, '', 'Ihre Bestellung Admin Plain', '<p>Folgende Artikel wurden soeben unter [{ $shop->oxshops__oxname->getRawValue() }] bestellt:</p>', 'your order admin plain', 'The following products have been ordered in [{ $shop->oxshops__oxname->getRawValue() }] right now:', 1, '', '', 1, '', '', '30e44ab83fdee7564.23264141', 'CMSFOLDER_EMAILS', ''),
('2eb4676806a3d2e87.06076523', 'oxagb', 1, 1, 0, 1, 1, '', 'AGB', '<div><strong>AGB</strong></div>\r\n<div><strong>&nbsp;</strong></div>\r\n<div>F�gen Sie hier Ihre allgemeinen Gesch�ftsbedingungen ein:</div>\r\n<div>&nbsp;</div>\r\n<div><span style="font-weight: bold">Strukturvorschlag:</span><br>\r\n<br>\r\n<ol>\r\n<li>Geltungsbereich </li>\r\n<li>Vertragspartner </li>\r\n<li>Angebot und Vertragsschluss </li>\r\n<li>Widerrufsrecht, Widerrufsbelehrung, Widerrufsfolgen </li>\r\n<li>Preise und Versandkosten </li>\r\n<li>Lieferung </li>\r\n<li>Zahlung </li>\r\n<li>Eigentumsvorbehalt </li>\r\n<li>Gew�hrleistung </li>\r\n<li>Weitere Informationen</li></ol></div>', 'Terms and Conditions', 'Insert your terms and conditions here.', 1, '', '', 0, '', '', '30e44ab83fdee7564.23264141', 'CMSFOLDER_USERINFO', '1'),
('c4241316c6e7b9503.93160420', 'oxbargain', 1, 1, 0, 1, 1, '', 'Angebot der Woche', '<table>[{foreach from=$oView->getBargainArticleList() item=articlebargain_item}] <tbody><tr><td>\r\n<div class="product_image_s_container"><a href="[{$articlebargain_item->getLink()}]"><img border="0" alt="[{ $articlebargain_item->oxarticles__oxtitle->value }][{if $articlebargain_item->oxarticles__oxvarselect->value }] [{ $articlebargain_item->oxarticles__oxvarselect->value }][{/if}] [{$oxcmp_shop->oxshops__oxtitlesuffix->value}]" src="[{ $articlebargain_item->getDynImageDir()}]/[{$articlebargain_item->oxarticles__oxicon->value}]"></a></div> </td><td class="boxrightproduct-td"> <a href="[{$articlebargain_item->getLink()}]" class="boxrightproduct-td"><strong>[{ $articlebargain_item->oxarticles__oxtitle->value|cat:"\r\n"|cat:$articlebargain_item->oxarticles__oxvarselect->value|strip_tags|smartwordwrap:15:"<br>\r\n":2:1:"..." }]</strong></a><br>\r\n [{ if $articlebargain_item->isBuyable() }] <a href="[{$articlebargain_item->getToBasketLink()}]&amp;am=1" class="details" onclick="showBasketWnd();" rel="nofollow"><img border="0" src="[{$oViewConf->getImageUrl(''arrow_details.gif'')}]" alt=""> Jetzt bestellen! </a> [{/if}] </td></tr>[{/foreach}]\r\n</tbody></table>', 'Week''s Special', '<table>[{foreach from=$oView->getBargainArticleList() item=articlebargain_item}] <tbody><tr><td>\r\n<div class="product_image_s_container"><a href="[{$articlebargain_item->getLink()}]"><img border="0" src="[{ $articlebargain_item->getDynImageDir()}]/[{$articlebargain_item->oxarticles__oxicon->value}]" alt="[{ $articlebargain_item->oxarticles__oxtitle->value }][{if $articlebargain_item->oxarticles__oxvarselect->value }] [{ $articlebargain_item->oxarticles__oxvarselect->value }][{/if}] [{$oxcmp_shop->oxshops__oxtitlesuffix->value}]"></a></div> </td><td class="boxrightproduct-td"> <a class="boxrightproduct-td" href="[{$articlebargain_item->getLink()}]"><strong>[{ $articlebargain_item->oxarticles__oxtitle->value|cat:"\r\n"|cat:$articlebargain_item->oxarticles__oxvarselect->value|strip_tags|smartwordwrap:15:"<br>\r\n ":2:1:"..." }]</strong></a><br>\r\n [{ if $articlebargain_item->isBuyable()}] <a onclick="showBasketWnd();" class="details" href="[{$articlebargain_item->getToBasketLink()}]&amp;am=1" rel="nofollow"><img border="0" alt="" src="[{$oViewConf->getImageUrl(''arrow_details.gif'')}]"> Order now! </a> [{/if}] </td></tr>[{/foreach}] </tbody></table>', 1, '', '', 1, '', '', '30e44ab83fdee7564.23264141', 'CMSFOLDER_EMAILS', ''),
('1544167b4666ccdc1.28484600', 'oxblocked', 1, 1, 0, 1, 1, '', 'Benutzer geblockt', '<div><span style="color: #ff0000;"><strong>\r\n<img title="" height="200" alt="" src="[{$oViewConf->getPictureDir()}]wysiwigpro/stopsign.jpg" width="200"></strong></span></div>\r\n<div><span style="color: #ff0000;"><strong>Der Zugang wurde Ihnen verweigert!</strong></span></div>\r\n<div>&nbsp;</div>\r\n<div>&nbsp;</div>', 'user blocked', '<div>\r\n   <img title="" height="200" alt="" src="[{$oViewConf->getPictureDir()}]wysiwigpro/stopsign.jpg" width="200">\r\n</div>\r\n\r\n<div>\r\n   <span style="color: #ff0000;"><strong>Permission denied!</strong></span>\r\n</div>', 1, '', '', 1, '', '', '30e44ab83fdee7564.23264141', 'CMSFOLDER_USERINFO', ''),
('f41427a07519469f1.34718981', 'oxdeliveryinfo', 1, 1, 0, 1, 1, '', 'Zahlung und Lieferung', '<p>F�gen Sie hier Ihre Versandinformationen und -kosten ein.</p>', 'Shipping and Charges', '<p>Add your shipping information and costs here.</p>', 1, '', '', 1, '', '', '30e44ab83fdee7564.23264141', 'CMSFOLDER_USERINFO', ''),
('42e4667ffcf844be0.22563656', 'oxemailfooter', 1, 1, 0, 1, 1, '', 'E-Mail Fu�text', '<p align="left">--</p>\r\n<p>Bitte f�gen Sie hier Ihre vollst�ndige Anbieterkennzeichnung ein.</p>', 'E-mail footer', '<p align="left">--</p>\r\n<p>Please insert your imprint here</p>', 1, '', '', 0, '', '', '30e44ab83fdee7564.23264141', 'CMSFOLDER_EMAILS', ''),
('3194668fde854d711.73798992', 'oxemailfooterplain', 1, 1, 0, 1, 1, '', 'E-Mail Fu�text Plain', '-- Bitte f�gen Sie hier Ihre vollst�ndige Anbieterkennzeichnung ein.', 'E-mail footer plain', '-- Please insert your imprint here.', 1, '', '', 0, '', '', '30e44ab83fdee7564.23264141', 'CMSFOLDER_EMAILS', ''),
('29142e76dd32dd477.41262508', 'oxforgotpwd', 1, 1, 0, 1, 1, '', 'Passwort vergessen', 'Sollten Sie innerhalb der n�chsten Minuten KEINE E-Mail mit Ihren Zugangsdaten erhalten, so �berpr�fen Sie bitte: Haben Sie sich in unserem Shop bereits registriert? Wenn nicht, so tun Sie dies bitte einmalig im Rahmen des Bestellprozesses. Sie k�nnen dann selbst ein Passwort festlegen. Sobald Sie registriert sind, k�nnen Sie sich in Zukunft mit Ihrer E-Mail-Adresse und Ihrem Passwort einloggen.\r\n<ul>\r\n<li class="font11">Wenn Sie sich sicher sind, dass Sie sich in unserem Shop bereits registriert haben, dann �berpr�fen Sie bitte, ob Sie sich bei der Eingabe Ihrer E-Mail-Adresse evtl. vertippt haben.</li></ul>\r\n<p>Sollten Sie trotz korrekter E-Mail-Adresse und bereits bestehender Registrierung weiterhin Probleme mit dem Login haben und auch keine "Passwort vergessen"-E-Mail erhalten, so wenden Sie sich bitte per E-Mail an: <a href="mailto:[{ $oxcmp_shop->oxshops__oxinfoemail->value }]?subject=Passwort"><strong>[{ $oxcmp_shop->oxshops__oxinfoemail->value }]</strong></a></p>', 'Forgot password', '<p>If you don''t get an e-mail with your access data, please make sure that you have already registered with us. As soon as you are registered, you can login with your e-mail address and your password.</p>\r\n<ul>\r\n<li>\r\nIf you are sure you are already registered, please check the e-mail address you entered as user name.</li></ul>\r\n<p>\r\nIn case you still have problems logging in, please turn to us by e-mail: <a href="mailto:[{ $oxcmp_shop->oxshops__oxinfoemail->value }]?subject=Password"><strong>[{ $oxcmp_shop->oxshops__oxinfoemail->value }]</strong></a></p>', 1, '', '', 1, '', '', '30e44ab83fdee7564.23264141', 'CMSFOLDER_EMAILS', ''),
('2eb46767947d21851.22681675', 'oximpressum', 1, 1, 0, 1, 1, '', 'Impressum', '<p>F�gen Sie hier Ihre Anbieterkennzeichnung ein.</p>', 'About Us', '<p>Add provider identification here.</p>', 1, '', '', 0, '', '', '30e44ab83fdee7564.23264141', 'CMSFOLDER_USERINFO', ''),
('ad542e49975709a72.52261121', 'oxnewsletteremail', 1, 1, 0, 1, 1, '', 'Newsletter eShop', 'Hallo, [{ $user->oxuser__oxsal->value|oxmultilangsal }] [{ $user->oxuser__oxfname->value }] [{ $user->oxuser__oxlname->value }],<br>\r\nvielen Dank f�r Ihre Anmeldung zu unserem Newsletter.<br>\r\n<br>\r\nUm den Newsletter freizuschalten klicken Sie bitte auf folgenden Link:<br>\r\n<br>\r\n<a href="[{$subscribeLink}]">[{$subscribeLink}]</a><br>\r\n<br>\r\nIhr [{ $shop->oxshops__oxname->value }] Team<br>', 'newsletter confirmation', 'Hello, [{ $user->oxuser__oxsal->value|oxmultilangsal }] [{ $user->oxuser__oxfname->value }] [{ $user->oxuser__oxlname->value }],<br>\r\nthank you for your newsletter subscription.<br>\r\n<br>\r\nFor final registration, please click on this link:<br>\r\n<br>\r\n<a href="[{$subscribeLink}]">[{$subscribeLink}]</a><br>\r\n<br>\r\nYour [{ $shop->oxshops__oxname->value }] Team<br>', 1, '', '', 1, '', '', '30e44ab83fdee7564.23264141', 'CMSFOLDER_EMAILS', ''),
('ad542e4999ec01dd3.07214049', 'oxnewsletterplainemail', 1, 1, 0, 1, 1, '', 'Newsletter eShop Plain', '[{ $shop->oxshops__oxname->getRawValue() }] Newsletter Hallo, [{ $user->oxuser__oxsal->value|oxmultilangsal }] [{ $user->oxuser__oxfname->getRawValue() }] [{ $user->oxuser__oxlname->getRawValue() }], vielen Dank f�r Ihre Anmeldung zu unserem Newsletter. Um den Newsletter freizuschalten klicken Sie bitte auf folgenden Link: [{$subscribeLink}] Ihr [{ $shop->oxshops__oxname->getRawValue() }] Team', 'newsletter confirmation plain', '[{ $shop->oxshops__oxname->getRawValue() }] Newsletter \r\n\r\nHello, [{ $user->oxuser__oxsal->value|oxmultilangsal }] [{ $user->oxuser__oxfname->getRawValue() }] [{ $user->oxuser__oxlname->getRawValue() }], \r\n\r\nthank you for your newsletter subscription. For final registration, please click on this link: \r\n[{$subscribeLink}] \r\n\r\nYour [{ $shop->oxshops__oxname->getRawValue() }] Team', 1, '', '', 1, '', '', '30e44ab83fdee7564.23264141', 'CMSFOLDER_EMAILS', ''),
('f41427a10afab8641.52768563', 'oxnewstlerinfo', 1, 1, 0, 1, 1, '', 'Neuigkeiten bei uns', '<div>Mit dem [{ $oxcmp_shop->oxshops__oxname->value }]-Newsletter alle paar Wochen. <br>\r\nMit Tipps, Infos, Aktionen ... <br>\r\n<br>\r\nDas Abo kann jederzeit durch Austragen der E-Mail-Adresse beendet werden. <br>\r\nEine <span class="newsletter_title">Weitergabe Ihrer Daten an Dritte lehnen wir ab</span>. <br>\r\n<br>\r\nSie bekommen zur Best�tigung nach dem Abonnement eine E-Mail - so stellen wir sicher, dass kein Unbefugter Sie in unseren Newsletter eintragen kann (sog. "Double Opt-In").<br>\r\n<br>\r\n</div>', 'newsletter info', '<p>Stay in touch with the periodic [{ $oxcmp_shop->oxshops__oxname->value }]-newsletter every couple of weeks. We gladly inform you about recent tips, promotions and new products.</p>\r\n<p>You can unsubscribe any time from the newsletter.</p>\r\n<p>We strictly refuse <span class="newsletter_title">transferring your data to 3rd parties</span>.</p>\r\n<p>For subscription we use the so called &quot;double opt-in&quot; procedure to guarantee that no unauthorized person will register with your e-mail address.</p>', 1, '', '', 1, '', '', '30e44ab83fdee7564.23264141', 'CMSFOLDER_USERINFO', ''),
('1074279e67a85f5b1.96907412', 'oxorderinfo', 1, 1, 0, 1, 1, '', 'Wie bestellen?', '<div>Beispieltext:</div>\r\n<div>�</div>\r\n<div>[{ $oxcmp_shop->oxshops__oxname->value }], Ihr Online-Shop f�r ... <br />\r\n<br />\r\nBei uns haben Sie die Wahl aus mehr als ... Artikeln von bester Qualit�t und namhaften Herstellern. Schauen Sie sich um, st�bern Sie in unseren Angeboten! <br />\r\n[{ $oxcmp_shop->oxshops__oxname->value }] steht Ihnen im Internet rund um die Uhr und 7 Tage die Woche offen.<br />\r\n<br />\r\nWenn Sie eine Bestellung aufgeben m�chten, k�nnen Sie das:\r\n<ul>\r\n<li class="font11">direkt im Internet �ber unseren Shop </li>\r\n<li class="font11">per Fax unter�[{ $oxcmp_shop->oxshops__oxtelefax->value }] </li>\r\n<li class="font11">per Telefon unter [{ $oxcmp_shop->oxshops__oxtelefon->value }] </li>\r\n<li class="font11">oder per E-Mail unter <a href="mailto:[{ $oxcmp_shop->oxshops__oxowneremail->value }]?subject=Bestellung"><strong>[{ $oxcmp_shop->oxshops__oxowneremail->value }]</strong></a> </li></ul>Telefonisch sind wir f�r Sie <br />\r\nMontag bis Freitag von 10 bis 18 Uhr erreichbar. <br />\r\nWenn Sie auf der Suche nach einem Artikel sind, der zum Sortiment von [{ $oxcmp_shop->oxshops__oxname->value }] passen k�nnte, ihn aber nirgends finden, lassen Sie es uns wissen. Gern bem�hen wir uns um eine L�sung f�r Sie. <br />\r\n<br />\r\nSchreiben Sie an <a href="mailto:[{ $oxcmp_shop->oxshops__oxowneremail->value }]?subject=Produktidee"><strong>[{ $oxcmp_shop->oxshops__oxowneremail->value }]</strong></a>.</div>', 'How to order?', '<h1>Text Example</h1>\r\n<h2>[{ $oxcmp_shop->oxshops__oxname->value }], your online store for ...</h2>\r\n<p>With us, you can choose from more than ... products of high quality and reputable manufacturers. Take a look around and browse through our offers!<br />\r\nOn the internet [{ $oxcmp_shop->oxshops__oxname->value }] is open 24/7.</p>\r\n<p>If you want to place an order you can purchase</p>\r\n<ul>\r\n<li class="font11">via our online store</li>\r\n<li class="font11">via fax [{ $oxcmp_shop->oxshops__oxtelefax->value }] </li>\r\n<li class="font11">via telephone [{ $oxcmp_shop->oxshops__oxtelefon->value }] </li>\r\n<li class="font11">or via e-mail <a href="mailto:[{ $oxcmp_shop->oxshops__oxowneremail->value }]?subject=Order"><strong>[{ $oxcmp_shop->oxshops__oxowneremail->value }]</strong></a></li></ul>\r\n<p>By telephone, we are available<br />\r\nMonday to Friday 10 AM thru 6 PM. </p>\r\n<p>If you are looking for an item that did not match the range of [{ $oxcmp_shop->oxshops__oxname->value }], let''s us know. We are happy to find a solution for you.</p>\r\n<p>Write to <a href="mailto:[{ $oxcmp_shop->oxshops__oxowneremail->value }]?subject=Product idea"><strong>[{ $oxcmp_shop->oxshops__oxowneremail->value }]</strong></a></p>', 1, '', '', 1, '', '', '30e44ab83fdee7564.23264141', 'CMSFOLDER_USERINFO', ''),
('67c5bcf75ee346bd9566bce6c8', 'oxcredits', 1, 0, 3, 0, 1, '', 'Credits', '', 'Credits', '<h3>What is OXID eShop?</h3>\r\n<p>OXID eShop is a proven and flexible shopping cart software. Thousands of online businesses worldwide use its extensive functionality to create optimal e-commerce solutions. With its modular, state-of-the-art and standards-based architecture, customization is very easy. OXID eShop is being developed by <a href="http://www.oxid-esales.com">OXID eSales AG</a>, the trusted Open Source e-commerce company.</p>\r\n<h3>OXID eShop Community Edition</h3>\r\n<p>The Community Edition of OXID eShop is distributed under the terms and conditions of the GNU General Public License version 3 (GPLv3). Briefly summarized, the GPL gives you the right to use, modify and share this copy of OXID eShop. If you choose to share OXID eShop, you may only share it under the terms and conditions of the GPL. If you share a modified version of OXID eShop, these modifications must also be placed under the GPL. Read the complete <a href="http://www.gnu.org/licenses/gpl.txt">legal terms and conditions of the GPL</a> or see <a href="http://www.oxid-esales.com/en/products/community-edition/gpl-v3-faq">OXID''s GPLv3 FAQ</a>.</p>\r\n<h3>OXID eShop Professional and Enterprise Edition</h3>\r\n<p>These OXID eShop editions are distributed under OXID Commercial Licenses. For more information, please <a href="http://www.oxid-esales.com/en/company/about-oxid-esales/contact">contact OXID eSales</a>.</p>\r\n<h3>Third-party Software</h3>\r\n<p>This product includes certain free/open source software. A <a href="http://www.oxid-esales.com/en/company/about-oxid-esales/third-party-licenses">complete list of third-party software included in OXID eShop</a> is publicly available.</p>\r\n<h3>Copyright Notice</h3>\r\n<p>Copyright � 2003-2013 <a href="http://www.oxid-esales.com">OXID eSales AG</a>, with portions copyright by other parties.</p>\r\n\r\n\r\n<!-- added by Marco //-->\r\n\r\n\r\n<h3>List of Contributions</h3>\r\n<ul>\r\n   <li><b>Downloadable Products</b>\r\n   <br>Some business models are based on downloadable virtual products like software, PDF or MP3 files instead of the classic shipment of products purchased in an online store. Please find more information on <a href="http://oxidforge.org/en/downloadable-products.html" target="_blank">OXIDforge</a>.\r\n   <br>contributed by <a href="http://www.marmalade.de" target="_blank">marmalade.de</a>\r\n   </li>\r\n\r\n\r\n   <li><b>Rich Snippets: RDFa + GoodRelations</b>\r\n   <br>We are convinced that the RDFa + GoodRelations vocabulary will be the future of rich snippets, especially for e-commerce. Please find more information on <a href="" target="_blank">OXIDforge</a>.\r\n   <br>contributed by Daniel Bingel and Prof. Dr. Hepp <a href="http://www.heppnetz.de/projects/goodrelations/" target="_blank">(GoodRelations)</a>.\r\n   </li>\r\n\r\n\r\n <li><b>GitHub contributions</b><br>\r\n Since May 2013 we switched our infrastructure in order to receive pull requests on <a href="https://github.com/OXID-eSales/oxideshop_ce/" target="_blank">GitHub</a>. Please see the <a href="https://www.ohloh.net/p/oxideshop/contributors/summary" target="_blank">list of contributors</a> for more information on who gratefully helped us to make OXID eShop even better.\r\n</li>  \r\n\r\n\r\n</ul>', 1, '', '', 0, '', '', '30e44ab83fdee7564.23264141', 'CMSFOLDER_USERINFO', ''),
('ad542e49d6de4a4f4.88594616', 'oxordersendemail', 1, 1, 0, 1, 1, '', 'Ihre Bestellung wurde versandt', 'Guten Tag, [{ $order->oxorder__oxbillsal->value|oxmultilangsal }] [{ $order->oxorder__oxbillfname->value }] [{ $order->oxorder__oxbilllname->value }],<br>\r\n<br>\r\nunser Vertriebszentrum hat soeben folgende Artikel versandt.<br>\r\n<br>', 'your order has been shipped', 'Hello [{ $order->oxorder__oxbillsal->value|oxmultilangsal }] [{ $order->oxorder__oxbillfname->value }] [{ $order->oxorder__oxbilllname->value }],<br />\r\n<br />\r\n<p>\r\nour distribution center just shipped this product:</p><br />', 1, '', '', 1, '', '', '30e44ab83fdee7564.23264141', 'CMSFOLDER_EMAILS', ''),
('ad542e49d856b5b68.98220446', 'oxordersendplainemail', 1, 1, 0, 1, 1, '', 'Ihre Bestellung wurde versandt Plain', 'Guten Tag [{ $order->oxorder__oxbillsal->value|oxmultilangsal }] [{ $order->oxorder__oxbillfname->getRawValue() }] [{ $order->oxorder__oxbilllname->getRawValue() }],\r\n\r\nunser Vertriebszentrum hat soeben folgende Artikel versandt.', 'your order has been shipped plain', '<p>Hello [{ $order->oxorder__oxbillsal->value|oxmultilangsal }] [{ $order->oxorder__oxbillfname->getRawValue() }] [{ $order->oxorder__oxbilllname->getRawValue() }],\r\n\r\nour distribution center just shipped this product:</p>', 1, '', '', 1, '', '', '30e44ab83fdee7564.23264141', 'CMSFOLDER_EMAILS', ''),
('ad542e49c585394e4.36951640', 'oxpricealarmemail', 1, 1, 0, 1, 1, '', 'Preisalarm', 'Preisalarm im [{ $shop->oxshops__oxname->value }]!<br>\r\n<br>\r\n[{ $email }] bietet f�r Artikel [{ $product->oxarticles__oxtitle->value }], Artnum. [{ $product->oxarticles__oxartnum->value }]<br>\r\n<br>\r\nOriginalpreis: [{ $product->getFPrice() }] [{ $currency->name}]<br>\r\nGEBOTEN: [{ $bidprice }] [{ $currency->name}]<br>\r\n<br>\r\n<br>\r\nIhr Shop.<br>', 'price alert', 'Price alert at [{ $shop->oxshops__oxname->value }]!<br>\r\n<br>\r\n[{ $email }] bids for product [{ $product->oxarticles__oxtitle->value }], product # [{ $product->oxarticles__oxartnum->value }]<br>\r\n<br>\r\nOriginal price: [{ $currency->name}][{ $product->getFPrice() }]<br>\r\nBid: [{ $currency->name}][{ $bidprice }]<br>\r\n<br>\r\n<br>\r\nYour store<br>', 1, '', '', 1, '', '', '30e44ab83fdee7564.23264141', 'CMSFOLDER_EMAILS', ''),
('ad542e49c8ec04201.39247735', 'oxregisteremail', 1, 1, 0, 1, 1, '', 'Vielen Dank f�r Ihre Registrierung', 'Hallo, [{ $user->oxuser__oxsal->value|oxmultilangsal }] [{ $user->oxuser__oxfname->value }] [{ $user->oxuser__oxlname->value }], vielen Dank f�r Ihre Registrierung bei [{ $shop->oxshops__oxname->value }]!<br>\r\n<br>\r\nSie k�nnen sich ab sofort auch mit Ihrer E-Mail-Adresse <strong>[{ $user->oxuser__oxusername->value }]</strong> einloggen.<br>\r\n<br>\r\nIhr [{ $shop->oxshops__oxname->value }] Team<br>', 'thanks for your registration', 'Hello, [{ $user->oxuser__oxsal->value|oxmultilangsal }] [{ $user->oxuser__oxfname->value }] [{ $user->oxuser__oxlname->value }], <br />\r\n<br />\r\n<p>\r\nthank you for your registration at [{ $shop->oxshops__oxname->value }]!</p>\r\nFrom now on, you can log in with your email address <strong>[{ $user->oxuser__oxusername->value }]</strong>.<br />\r\n<br />\r\nYour [{ $shop->oxshops__oxname->value }] team<br />', 1, '', '', 1, '', '', '30e44ab83fdee7564.23264141', 'CMSFOLDER_EMAILS', ''),
('ad542e49ca4750015.09588134', 'oxregisterplainemail', 1, 1, 0, 1, 1, '', 'Vielen Dank f�r Ihre Registrierung Plain', '<p>[{ $shop->oxshops__oxregistersubject->getRawValue() }] Hallo, [{ $user->oxuser__oxsal->value|oxmultilangsal }] [{ $user->oxuser__oxfname->getRawValue() }] [{ $user->oxuser__oxlname->getRawValue() }], vielen Dank f�r Ihre Registrierung bei [{ $shop->oxshops__oxname->getRawValue() }]! Sie k�nnen sich ab sofort auch mit Ihrer E-Mail-Adresse ([{ $user->oxuser__oxusername->value }]) einloggen. Ihr [{ $shop->oxshops__oxname->getRawValue() }] Team</p>', 'thanks for your registration plain', '<p>Hello, [{ $user->oxuser__oxsal->value|oxmultilangsal }] [{ $user->oxuser__oxfname->getRawValue() }] [{ $user->oxuser__oxlname->getRawValue() }],\r\n\r\nthank you for your registration at [{ $shop->oxshops__oxname->getRawValue() }]!\r\nFrom now on, you can log in with your email address [{ $user->oxuser__oxusername->value }].\r\n\r\nYour [{ $shop->oxshops__oxname->getRawValue() }] team</p>', 1, '', '', 1, '', '', '30e44ab83fdee7564.23264141', 'CMSFOLDER_EMAILS', ''),
('1ea45574543b21636.29288751', 'oxrightofwithdrawal', 1, 1, 0, 1, 1, '', 'Widerrufsrecht', '<div>F�gen Sie hier Ihre Widerrufsbelehrung ein.</div><div><a title="" href="[{$oViewConf->getBaseDir()}]out/pictures/wysiwigpro/Model_form_for_withdrawal_de.pdf"><strong>Muster f�r das Widerrufsformular</strong></a></div>', 'Right of Withdrawal', '<div>Insert here the Right of Withdrawal policy.</div><div><strong><a title="" href="[{$oViewConf->getBaseDir()}]out/pictures/wysiwigpro/Model_form_for_withdrawal_en.pdf">Model form for withdrawal</a></strong></div>', 1, '', '', 0, '', '', '30e44ab83fdee7564.23264141', 'CMSFOLDER_USERINFO', ''),
('f41427a099a603773.44301043', 'oxsecurityinfo', 1, 1, 0, 1, 1, '', 'Datenschutz', 'F�gen Sie hier Ihre Datenschutzbestimmungen ein.', 'Privacy Policy', 'Enter your privacy policy here.', 1, '', '', 1, '', '', '30e44ab83fdee7564.23264141', 'CMSFOLDER_USERINFO', ''),
('ce79015b6f6f07612270975889', 'oxstartmetadescription', 1, 1, 0, 1, 1, '', 'META Description Startseite', 'Alles zum Thema Wassersport, Sportbekleidung und Mode. Umfangreiches Produktsortiment mit den neusten Trendprodukten. Blitzschneller Versand.<br />', 'META description start page', '<p>All about watersports, sportswear and fashion. Extensive product range including several trendy products. Fast shipping.</p>\r\n<p>&nbsp;</p>', 1, '', '', 1, '', '', '30e44ab83fdee7564.23264141', '', ''),
('ce77743c334edf92b0cab924a7', 'oxstartmetakeywords', 1, 1, 0, 1, 1, '', 'META Keywords Startseite', 'kite, kites, kiteboarding, kiteboards, wakeboarding, wakeboards, boards, strand, sommer, wassersport, mode, fashion, style, shirts, jeans, accessoires, angebote', 'META keywords start page', 'kite, kites, kiteboarding, kiteboards, wakeboarding, wakeboards, boards, beach, summer, watersports, funsports, fashion, style, shirts, jeans, accessories, special offers', 1, '', '', 1, '', '', '30e44ab83fdee7564.23264141', '', ''),
('ad542e49ae50c60f0.64307543', 'oxuserorderemail', 1, 1, 0, 1, 1, '', 'Ihre Bestellung', 'Vielen Dank f�r Ihre Bestellung!<br>\r\n<br>\r\nNachfolgend haben wir zur Kontrolle Ihre Bestellung noch einmal aufgelistet.<br>\r\nBei Fragen sind wir jederzeit f�r Sie da: Schreiben Sie einfach an [{ $shop->oxshops__oxorderemail->value }]!<br>\r\n<br>', 'your order', 'Thank you for your order!<br />\r\n<br />\r\nBelow, we have listed your order.<br />\r\nIf you have any questions, don''t hesitate to drop us an e-mail [{ $shop->oxshops__oxorderemail->value }]!<br />\r\n<br />', 1, '', '', 1, '', '', '30e44ab83fdee7564.23264141', 'CMSFOLDER_EMAILS', ''),
('84a42e66105998a86.14045828', 'oxuserorderemailend', 1, 1, 0, 1, 1, '', 'Ihre Bestellung Abschluss', '<div align="left">F�gen Sie hier Ihre Widerrufsbelehrung ein.</div>', 'your order terms', '<p>Right to Withdrawal can be inserted here.</p>', 1, '', '', 1, '', '', '30e44ab83fdee7564.23264141', 'CMSFOLDER_EMAILS', ''),
('84a42e66123887821.29772527', 'oxuserorderemailendplain', 1, 1, 0, 1, 1, '', 'Ihre Bestellung Abschluss Plain', 'F�gen Sie hier Ihre Widerrufsbelehrung ein.', 'your order terms plain', '<p>Right to Withdrawal can be inserted here.</p>', 1, '', '', 1, '', '', '30e44ab83fdee7564.23264141', 'CMSFOLDER_EMAILS', ''),
('c8d45408c08bbaf79.09887022', 'oxuserordernpemail', 1, 1, 0, 1, 1, '', 'Ihre Bestellung (Fremdl�nder)', '<div>Vielen Dank f�r Ihre Bestellung!</div>\r\n<p><strong><span style="color: #ff0000">Hinweis:</span></strong> Derzeit ist uns keine Versandmethode f�r dieses Land bekannt. Wir werden versuchen, Versandmethoden zu finden und Sie �ber das Ergebnis unter Angabe der Versandkosten informieren. </p>Bei Fragen sind wir jederzeit f�r Sie da: Schreiben Sie einfach an [{ $shop->oxshops__oxorderemail->value }]! <br />\r\n<br />', 'your order (other country)', '<p>Thank you for your order!</p>\r\n<p><strong><span style="color: #ff0000">Information:</span></strong> Currently, there is no shipping method defined for your country. We will find a method to deliver the goods you purchased and will inform you as soon as possible.</p>\r\n<p>If you have any requests, don''t hesitate to contact us! [{ $shop->oxshops__oxorderemail->value }]</p>', 1, '', '', 1, '', '', '30e44ab83fdee7564.23264141', 'CMSFOLDER_EMAILS', ''),
('c8d45408c5c39ea22.75925645', 'oxuserordernpplainemail', 1, 1, 0, 1, 1, '', 'Ihre Bestellung (Fremdl�nder) Plain', 'Vielen Dank f�r Ihre Bestellung!\r\n\r\nHinweis: Derzeit ist uns keine Versandmethode f�r dieses Land bekannt. Wir werden versuchen, Versandmethoden zu finden und Sie �ber das Ergebnis unter Angabe der Versandkosten informieren.\r\n\r\nBei Fragen sind wir jederzeit f�r Sie da: Schreiben Sie einfach an [{ $shop->oxshops__oxorderemail->value }]!', 'your order plain (other country)', 'Thank you for your order!\r\nInformation: Currently, there is no shipping method defined for your country. We will find a method to deliver the goods you purchased and will inform you as soon as possible.\r\n\r\nIf you have any requests don''t hesitate to contact us! [{ $shop->oxshops__oxorderemail->value }]', 1, '', '', 1, '', '', '30e44ab83fdee7564.23264141', 'CMSFOLDER_EMAILS', ''),
('ad542e49b08c65017.19848749', 'oxuserorderplainemail', 1, 1, 0, 1, 1, '', 'Ihre Bestellung Plain', 'Vielen Dank f�r Ihre Bestellung!\r\n\r\nNachfolgend haben wir zur Kontrolle Ihre Bestellung noch einmal aufgelistet.\r\nBei Fragen sind wir jederzeit f�r Sie da: Schreiben Sie einfach an [{ $shop->oxshops__oxorderemail->value }]!', 'your order plain', 'Thank you for your order!\r\n\r\nBelow we have listed your order.\r\nIf you have any questions, don''t hesitate to drop us an e-mail [{ $shop->oxshops__oxorderemail->value }]!', 1, '', '', 1, '', '', '30e44ab83fdee7564.23264141', 'CMSFOLDER_EMAILS', ''),
('ad542e49541c1add', 'oxupdatepassinfoemail', 1, 1, 0, 1, 1, '', 'Ihr Passwort im eShop', 'Hallo [{ $user->oxuser__oxsal->value|oxmultilangsal }] [{ $user->oxuser__oxfname->value }] [{ $user->oxuser__oxlname->value }],\r\n<br /><br />\r\n�ffnen Sie den folgenden Link, um ein neues Passwort f�r [{ $shop->oxshops__oxname->value }] einzurichten:\r\n<br /><br />\r\n<a href="[{ $oViewConf->getBaseDir() }]index.php?cl=forgotpwd&amp;uid=[{ $user->getUpdateId() }]&amp;lang=[{ $oViewConf->getActLanguageId() }]&amp;shp=[{ $shop->oxshops__oxid->value }]">[{ $oViewConf->getBaseDir() }]index.php?cl=forgotpwd&amp;uid=[{ $user->getUpdateId()}]&amp;lang=[{ $oViewConf->getActLanguageId() }]&amp;shp=[{ $shop->oxshops__oxid->value }]</a>\r\n<br /><br />\r\nDiesen Link k�nnen Sie innerhalb der n�chsten [{ $user->getUpdateLinkTerm()/3600 }] Stunden aufrufen.\r\n<br /><br />\r\nIhr [{ $shop->oxshops__oxname->value }] Team\r\n<br />', 'password update info', 'Hello [{ $user->oxuser__oxsal->value|oxmultilangsal }] [{ $user->oxuser__oxfname->value }] [{ $user->oxuser__oxlname->value }],<br />\r\n<br />\r\nfollow this link to generate a new password for [{ $shop->oxshops__oxname->value }]:<br />\r\n<br /><a href="[{ $oViewConf->getBaseDir() }]index.php?cl=forgotpwd&amp;uid=[{ $user->getUpdateId() }]&amp;lang=[{ $oViewConf->getActLanguageId() }]&amp;shp=[{ $shop->oxshops__oxid->value }]">[{ $oViewConf->getBaseDir() }]index.php?cl=forgotpwd&amp;uid=[{ $user->getUpdateId()}]&amp;lang=[{ $oViewConf->getActLanguageId() }]&amp;shp=[{ $shop->oxshops__oxid->value }]</a><br />\r\n<br />\r\nYou can use this link within the next [{ $user->getUpdateLinkTerm()/3600 }] hours.<br />\r\n<br />\r\nYour [{ $shop->oxshops__oxname->value }] team<br />', 1, '', '', 1, '', '', '30e44ab83fdee7564.23264141', 'CMSFOLDER_EMAILS', ''),
('ad542e495c392c6e', 'oxupdatepassinfoplainemail', 1, 1, 0, 1, 1, '', 'Ihr Passwort im eShop Plain', 'Hallo [{ $user->oxuser__oxsal->value|oxmultilangsal }] [{ $user->oxuser__oxfname->getRawValue() }] [{ $user->oxuser__oxlname->getRawValue() }],\r\n\r\n�ffnen Sie den folgenden Link, um ein neues Passwort f�r [{ $shop->oxshops__oxname->getRawValue() }] einzurichten:\r\n\r\n[{ $oViewConf->getBaseDir() }]index.php?cl=forgotpwd&amp;uid=[{ $user->getUpdateId()}]&amp;lang=[{ $oViewConf->getActLanguageId() }]&amp;shp=[{ $shop->oxshops__oxid->value }]\r\n\r\nDiesen Link k�nnen Sie innerhalb der n�chsten [{ $user->getUpdateLinkTerm()/3600 }] Stunden aufrufen.\r\n\r\nIhr [{ $shop->oxshops__oxname->getRawValue() }] Team', 'password update info plain', 'Hello [{ $user->oxuser__oxsal->value|oxmultilangsal }] [{ $user->oxuser__oxfname->getRawValue() }] [{ $user->oxuser__oxlname->getRawValue() }],\r\n\r\nfollow this link to generate a new password for [{ $shop->oxshops__oxname->getRawValue() }]:\r\n\r\n[{ $oViewConf->getBaseDir() }]index.php?cl=forgotpwd&amp;uid=[{ $user->getUpdateId()}]&amp;lang=[{ $oViewConf->getActLanguageId() }]&amp;shp=[{ $shop->oxshops__oxid->value }]\r\n\r\nYou can use this link within the next [{ $user->getUpdateLinkTerm()/3600 }] hours.\r\n\r\nYour [{ $shop->oxshops__oxname->getRawValue() }] team', 1, '', '', 1, '', '', '30e44ab83fdee7564.23264141', 'CMSFOLDER_EMAILS', ''),
('460f3d25a752eeca8f8dbd66d04277c1', 'oxregisteraltemail', 1, 1, 0, 1, 1, '', 'Alternative E-Mail zur Registrierung HTML', 'Hallo [{ $user->oxuser__oxsal->value|oxmultilangsal }] [{ $user->oxuser__oxfname->value }] [{ $user->oxuser__oxlname->value }], <br />\r\n<br />\r\n<p>\r\ndanke f�r die Registrierung im [{ $shop->oxshops__oxname->value }]!</p>\r\nVon jetzt an k�nnen Sie sich mit Ihrer E-Mail-Adresse <strong>[{ $user->oxuser__oxusername->value }]</strong>.<br />\r\n<br />\r\nFolgen Sie diesem Link, um die Registrierung zu best�tigen:<br />\r\n<br /><a href="[{ $oViewConf->getBaseDir() }]index.php?cl=register&fnc=confirmRegistration&uid=[{ $user->getUpdateId() }]&amp;lang=[{ $oViewConf->getActLanguageId() }]&shp=[{ $shop->oxshops__oxid->value }]">[{ $oViewConf->getBaseDir() }]index.php?cl=register&fnc=confirmRegistration&uid=[{ $user->getUpdateId()}]&amp;lang=[{ $oViewConf->getActLanguageId() }]&shp=[{ $shop->oxshops__oxid->value }]</a><br />\r\n<br />\r\nSie k�nnen diesen Link in den n�chsten [{ $user->getUpdateLinkTerm()/3600 }] Stunden verwenden.<br />\r\n<br /><br />\r\nIhr Team vom [{ $shop->oxshops__oxname->value }]', 'Alternative Registration Email HTML', 'Hello, [{ $user->oxuser__oxsal->value|oxmultilangsal }] [{ $user->oxuser__oxfname->value }] [{ $user->oxuser__oxlname->value }], <br />\r\n<br />\r\nthanks for your registration at [{ $shop->oxshops__oxname->value }]!<br />\r\nFrom now on, you can log in with your email address <strong>[{ $user->oxuser__oxusername->value }]</strong>.<br />\r\n<br />\r\nFollow this link to confirm your registration:<br />\r\n<br /><a href="[{ $oViewConf->getBaseDir() }]index.php?cl=register&fnc=confirmRegistration&uid=[{ $user->getUpdateId() }]&amp;lang=[{ $oViewConf->getActLanguageId() }]&shp=[{ $shop->oxshops__oxid->value }]">[{ $oViewConf->getBaseDir() }]index.php?cl=register&fnc=confirmRegistration&uid=[{ $user->getUpdateId()}]&amp;lang=[{ $oViewConf->getActLanguageId() }]&shp=[{ $shop->oxshops__oxid->value }]</a><br />\r\n<br />\r\nYou can use this link within the next [{ $user->getUpdateLinkTerm()/3600 }] hours.<br />\r\n<br />\r\n<br />\r\nYour [{ $shop->oxshops__oxname->value }] team', 1, '', '', 1, '', '', '30e44ab83fdee7564.23264141', 'CMSFOLDER_EMAILS', ''),
('460273f2ae78b9c40c536a1c331317ee', 'oxregisterplainaltemail', 1, 1, 0, 1, 1, '', 'Alternative E-Mail zur Registrierung PLAIN', 'Hallo [{ $user->oxuser__oxsal->value|oxmultilangsal }] [{ $user->oxuser__oxfname->getRawValue() }] [{ $user->oxuser__oxlname->getRawValue() }],\r\n\r\ndanke f�r die Registrierung im [{ $shop->oxshops__oxname->getRawValue() }]!\r\nVon jetzt an k�nnen Sie sich mit Ihrer E-Mail-Adresse [{ $user->oxuser__oxusername->value }].\r\n\r\nFolgen Sie diesem Link, um die Registrierung zu best�tigen:\r\n[{ $oViewConf->getBaseDir() }]index.php?cl=register&fnc=confirmRegistration&uid=[{ $user->getUpdateId() }]&amp;lang=[{ $oViewConf->getActLanguageId() }]&shp=[{ $shop->oxshops__oxid->value }]\r\n\r\nSie k�nnen diesen Link in den n�chsten [{ $user->getUpdateLinkTerm()/3600 }] Stunden verwenden.</p>\r\n\r\n\r\nIhr Team vom [{ $shop->oxshops__oxname->getRawValue() }]', 'Alternative Registration Email PLAIN', 'Hello, [{ $user->oxuser__oxsal->value|oxmultilangsal }] [{ $user->oxuser__oxfname->getRawValue() }] [{ $user->oxuser__oxlname->getRawValue() }],\r\n\r\nthanks for your registration at [{ $shop->oxshops__oxname->getRawValue() }]!\r\nFrom now on, you can log in with your email address [{ $user->oxuser__oxusername->value }].\r\n\r\nFollow this link to confirm your registration:\r\n[{ $oViewConf->getBaseDir() }]index.php?cl=register&fnc=confirmRegistration&uid=[{ $user->getUpdateId() }]&amp;lang=[{ $oViewConf->getActLanguageId() }]&shp=[{ $shop->oxshops__oxid->value }]\r\n\r\nYou can use this link within the next [{ $user->getUpdateLinkTerm()/3600 }] hours.<br />\r\n\r\n\r\nYour [{ $shop->oxshops__oxname->getRawValue() }] team', 1, '', '', 1, '', '', '30e44ab83fdee7564.23264141', 'CMSFOLDER_EMAILS', ''),
('220404cee0caf470e227c1c9f1ec4ae2', 'oxrighttocancellegend', 1, 1, 0, 1, 1, '', 'AGB und Widerrufsrecht', '[{oxifcontent ident="oxagb" object="oCont"}]\r\n    Ich habe die <a id="test_OrderOpenAGBBottom" rel="nofollow" href="[{ $oCont->getLink() }]" onclick="window.open(''[{ $oCont->getLink()|oxaddparams:"plain=1"}]'', ''agb_popup'', ''resizable=yes,status=no,scrollbars=yes,menubar=no,width=620,height=400'');return false;" class="fontunderline">AGB</a> gelesen und erkl�re mich mit ihnen einverstanden.&nbsp;\r\n[{/oxifcontent}]\r\n[{oxifcontent ident="oxrightofwithdrawal" object="oCont"}]\r\n    Ich wurde �ber mein <a id="test_OrderOpenWithdrawalBottom" rel="nofollow" href="[{ $oCont->getLink() }]" onclick="window.open(''[{ $oCont->getLink()|oxaddparams:"plain=1"}]'', ''rightofwithdrawal_popup'', ''resizable=yes,status=no,scrollbars=yes,menubar=no,width=620,height=400'');return false;">[{ $oCont->oxcontents__oxtitle->value }]</a> informiert.\r\n[{/oxifcontent}]', 'Terms and Conditions and Right to Withdrawal', '[{oxifcontent ident="oxagb" object="oCont"}] I agree to the <a id="test_OrderOpenAGBBottom" rel="nofollow" href="[{ $oCont->getLink() }]" onclick="window.open(''[{ $oCont->getLink()|oxaddparams:"plain=1"}]'', ''agb_popup'', ''resizable=yes,status=no,scrollbars=yes,menubar=no,width=620,height=400'');return false;" class="fontunderline">Terms and Conditions</a>.&nbsp;\r\n[{/oxifcontent}]\r\n[{oxifcontent ident="oxrightofwithdrawal" object="oCont"}]\r\n    I have been informed about my <a id="test_OrderOpenWithdrawalBottom" rel="nofollow" href="[{ $oCont->getLink() }]" onclick="window.open(''[{ $oCont->getLink()|oxaddparams:"plain=1"}]'', ''rightofwithdrawal_popup'', ''resizable=yes,status=no,scrollbars=yes,menubar=no,width=620,height=400'');return false;">[{ $oCont->oxcontents__oxtitle->value }]</a>.\r\n[{/oxifcontent}]', 1, '', '', 1, '', '', '30e44ab83fdee7564.23264141', 'CMSFOLDER_USERINFO', ''),
('c4241316b2e5c1966.96997011', 'oxhelpalist', 1, 1, 0, 1, 1, '', 'Hilfe - Die Produktliste', '<p>Hier k�nnen zus�tzliche Informationen, weiterf�hrende Links, Bedienungshinweise etc. f�r die Hilfe-Funktion in den <em>Produktlisten</em> eingef�gt werden. </p>', 'Help - Product List', '<p>Here, you can insert additional information, further links, user manual etc. for the &quot;Help&quot;-function on <em>product pages</em>.</p>', 1, '', '', 1, '', '', '30e44ab83fdee7564.23264141', 'CMSFOLDER_USERINFO', ''),
('c4241316b2e5c1966.96997012', 'oxhelpdefault', 1, 1, 0, 1, 1, '', 'Hilfe - Main', '<p>Hier k�nnen zus�tzliche Informationen, weiterf�hrende Links, Bedienungshinweise etc. f�r die Hilfe-Funktion in der <em>Kategorieansicht</em> eingef�gt werden. </p>', 'Help - Main', '<p>Here, you can insert additional information, further links, user manual etc. for the &quot;Help&quot;-function on <em>category pages</em>.</p>', 1, '', '', 1, '', '', '30e44ab83fdee7564.23264141', 'CMSFOLDER_USERINFO', ''),
('c4241316b2e5c1966.96997013', 'oxhelpstart', 1, 1, 0, 1, 1, '', 'Hilfe - Die Startseite', '<p>Hier k�nnen zus�tzliche Informationen, weiterf�hrende Links, Bedienungshinweise etc. f�r die Hilfe-Funktion auf der <em>Startseite</em> eingef�gt werden. </p>\r\n<p>&nbsp;</p>', 'Help - Start page', '<p>Here, you can insert additional information, further links, user manual etc. for the &quot;Help&quot;-function on the <em>start page</em>.</p><br />', 1, '', '', 1, '', '', '30e44ab83fdee7564.23264141', 'CMSFOLDER_USERINFO', ''),
('220404cee0caf470e227c1c9f1ec4ae3', 'oxrighttocancellegend2', 1, 1, 0, 1, 1, '', 'AGB und Widerrufsrecht', '[{oxifcontent ident="oxagb" object="oCont"}]\r\n    Es gelten unsere <a rel="nofollow" href="[{ $oCont->getLink() }]" onclick="window.open(''[{ $oCont->getLink()|oxaddparams:"plain=1"}]'', ''agb_popup'', ''resizable=yes,status=no,scrollbars=yes,menubar=no,width=620,height=400'');return false;" class="fontunderline">Allgemeinen Gesch�ftsbedingungen</a>.&nbsp;\r\n[{/oxifcontent}]\r\n[{oxifcontent ident="oxrightofwithdrawal" object="oCont"}]\r\n    Hier finden Sie <a id="test_OrderOpenWithdrawalBottom" rel="nofollow" href="[{ $oCont->getLink() }]" onclick="window.open(''[{ $oCont->getLink()|oxaddparams:"plain=1"}]'', ''rightofwithdrawal_popup'', ''resizable=yes,status=no,scrollbars=yes,menubar=no,width=620,height=400'');return false;">Einzelheiten zum Widerrufsrecht</a>.\r\n[{/oxifcontent}]', 'Terms and Conditions and Right to Withdrawal', '[{oxifcontent ident="oxagb" object="oCont"}] Our general <a rel="nofollow" href="[{ $oCont->getLink() }]" onclick="window.open(''[{ $oCont->getLink()|oxaddparams:"plain=1"}]'', ''agb_popup'', ''resizable=yes,status=no,scrollbars=yes,menubar=no,width=620,height=400'');return false;" class="fontunderline">terms and conditions</a> apply.&nbsp;\r\n[{/oxifcontent}]\r\n[{oxifcontent ident="oxrightofwithdrawal" object="oCont"}]\r\n    Read details about  <a id="test_OrderOpenWithdrawalBottom" rel="nofollow" href="[{ $oCont->getLink() }]" onclick="window.open(''[{ $oCont->getLink()|oxaddparams:"plain=1"}]'', ''rightofwithdrawal_popup'', ''resizable=yes,status=no,scrollbars=yes,menubar=no,width=620,height=400'');return false;">right of withdrawal</a>.\r\n[{/oxifcontent}]', 1, '', '', 1, '', '', '30e44ab83fdee7564.23264141', 'CMSFOLDER_USERINFO', ''),
('d74fdc1ed22a0d469bdcc5f003ca6575', 'oxregistrationdescription', 1, 1, 0, 1, 1, '', 'Registration Description', '<p>Mit einem pers�nlichen Kundenkonto haben Sie folgende Vorteile:<br />\r\n - Verwaltung der Lieferadressen<br />\r\n - Pr�fung des Bestellstatus<br />\r\n - Bestellhistorie<br />\r\n - pers�nlicher Merkzettel<br />\r\n - pers�nliche Wunschliste<br />\r\n - Newsletter-Verwaltung<br />\r\n - Sonder- und Rabattaktionen</p>', 'Registration Description', '<p>A customer with an account has advantages like:<br />\r\n - Administration of shipping addresses<br />\r\n - Check order status<br />\r\n - Order History<br />\r\n - Personal Wish List<br />\r\n - Personal Gift Registry<br />\r\n - Newsletter subscription<br />\r\n - Special offers and discounts</p>', 0, '', '', 0, '', '', '30e44ab83fdee7564.23264141', '', ''),
('d0f7ac8b29909908dc20d854224944fe', 'oxnopaymentmethod', 1, 1, 0, 1, 1, '', 'No payment method text', '<p>Derzeit ist keine Versandart f�r dieses Land\r\ndefiniert.</p>\r\n<p>Wir werden versuchen, Lieferm�glichkeiten zu\r\nfinden und Sie �ber die Versandkosten informieren.</p>', 'No payment method text', '<p>Currently we have no shipping method set up\r\nfor this country.</p>\r\n<p>We are aiming to find a possible delivery\r\nmethod and we will inform you as soon as possible via e-mail about the result,\r\nincluding further information about delivery costs.</p>', 0, '', '', 0, '', '', '30e44ab83fdee7564.23264141', '', ''),
('4a63033aa27409f15484340011e74e55', 'oxcookiesexplanation', 1, 1, 0, 1, 1, '', 'Cookies Explanation', 'Sie haben sich entschieden, keine Cookies von unserem Online-Shop zu akzeptieren. Die Cookies wurden gel�scht. Sie k�nnen in den Einstellungen Ihres Browsers die Verwendung von Cookies deaktivieren und den Online-Shop mit einigen funktionellen Einschr�nkungen nutzen. Sie k�nnen auch zur�ck zum Shop gehen, ohne die Einstellungen zu �ndern, und den vollen Funktionsumfang des Online-Shops genie�en.<br />\r\n<br />Informationen zu Cookies auf Wikipedia: <a href="http://de.wikipedia.org/wiki/HTTP-Cookie"><strong>http://de.wikipedia.org/wiki/HTTP-Cookie</strong></a>', 'Cookies Explanation', 'You have decided to not accept cookies from our online shop. The cookies have been removed. You can deactivate the usage of cookies in the settings of your browser and visit the online shop with some functional limitations. You can also return to the shop without changing the browser settings and enjoy the full functionality.<br />\r\n<br />Information about cookies at Wikipedia: <a href="http://en.wikipedia.org/wiki/HTTP_cookie"><strong>http://en.wikipedia.org/wiki/HTTP_cookie</strong></a>', 0, '', '', 0, '', '', '30e44ab83fdee7564.23264141', '', ''),
('220404cee0caf470e227c1c9f1ec4aL3', 'oxdownloadableproductsagreement', 1, 1, 0, 1, 1, '', 'F�r digitale Inhalte', 'Ja, ich m�chte sofort Zugang zu dem digitalen Inhalt und wei�, dass mein Widerrufsrecht mit dem Zugang erlischt.', 'For the supply of digital content', 'I want immediate access to the digital content and I acknowledge that thereby I lose my right to cancel once the service has begun.', 1, '', '', 1, '', '', '30e44ab83fdee7564.23264141', 'CMSFOLDER_USERINFO', ''),
('220404cee0caf470e227c1c9f1ec4aL4', 'oxserviceproductsagreement', 1, 1, 0, 1, 1, '', 'F�r Dienstleistungen', 'Ja, bitte beginnen Sie sofort mit der Dienstleistung. Mein Widerrufsrecht erlischt mit vollst�ndiger Ausf�hrung.', 'For service contracts', 'I agree to the starting of the service and I acknowledge that I lose my right to cancel once the service has been fully performed.', 1, '', '', 1, '', '', '30e44ab83fdee7564.23264141', 'CMSFOLDER_USERINFO', '');

INSERT INTO `oxcountry` (`OXID`, `OXACTIVE`, `OXTITLE`, `OXISOALPHA2`, `OXISOALPHA3`, `OXUNNUM3`, `OXVATINPREFIX`, `OXORDER`, `OXSHORTDESC`, `OXLONGDESC`, `OXTITLE_1`, `OXTITLE_2`, `OXTITLE_3`, `OXSHORTDESC_1`, `OXSHORTDESC_2`, `OXSHORTDESC_3`, `OXLONGDESC_1`, `OXLONGDESC_2`, `OXLONGDESC_3`, `OXVATSTATUS`) VALUES
('2db455824e4a19cc7.14731328', 0, 'Anderes Land', '', '', '', '', 10000, '', 'Select this if you can not find your country.', 'Other country', '', '', '', '', '', 'Select this if you can not find your country.', '', '', 0),
('a7c40f631fc920687.20179984', 1, 'Deutschland', 'DE', 'DEU', '276', 'DE', 9999, 'EU1', '', 'Germany', '', '', 'EU1', '', '', '', '', '', 1),
('a7c40f6320aeb2ec2.72885259', 1, '�sterreich', 'AT', 'AUT', '40', 'AT', 9999, 'EU1', '', 'Austria', '', '', 'EU1', '', '', '', '', '', 1),
('a7c40f6321c6f6109.43859248', 1, 'Schweiz', 'CH', 'CHE', '756', 'CH', 9999, 'EU1', '', 'Switzerland', '', '', 'EU1', '', '', '', '', '', 0),
('a7c40f6322d842ae3.83331920', 0, 'Liechtenstein', 'LI', 'LIE', '438', 'LI', 9999, 'EU1', '', 'Liechtenstein', '', '', 'EU1', '', '', '', '', '', 0),
('a7c40f6323c4bfb36.59919433', 0, 'Italien', 'IT', 'ITA', '380', 'IT', 9999, 'EU1', '', 'Italy', '', '', 'EU1', '', '', '', '', '', 1),
('a7c40f63264309e05.58576680', 0, 'Luxemburg', 'LU', 'LUX', '442', 'LU', 9999, 'EU1', '', 'Luxembourg', '', '', 'EU1', '', '', '', '', '', 1),
('a7c40f63272a57296.32117580', 0, 'Frankreich', 'FR', 'FRA', '250', 'FR', 9999, 'EU1', '', 'France', '', '', 'EU1', '', '', '', '', '', 1),
('a7c40f632848c5217.53322339', 0, 'Schweden', 'SE', 'SWE', '752', 'SE', 9999, 'EU2', '', 'Sweden', '', '', 'EU2', '', '', '', '', '', 1),
('a7c40f63293c19d65.37472814', 0, 'Finnland', 'FI', 'FIN', '246', 'FI', 9999, 'EU2', '', 'Finland', '', '', 'EU2', '', '', '', '', '', 1),
('a7c40f632a0804ab5.18804076', 1, 'Vereinigtes K�nigreich', 'GB', 'GBR', '826', 'GB', 9999, 'EU2', '', 'United Kingdom', '', '', 'EU2', '', '', '', '', '', 1),
('a7c40f632be4237c2.48517912', 0, 'Irland', 'IE', 'IRL', '372', 'IE', 9999, 'EU2', '', 'Ireland', '', '', 'EU2', '', '', '', '', '', 1),
('a7c40f632cdd63c52.64272623', 0, 'Niederlande', 'NL', 'NLD', '528', 'NL', 9999, 'EU2', '', 'Netherlands', '', '', 'EU2', '', '', '', '', '', 1),
('a7c40f632e04633c9.47194042', 0, 'Belgien', 'BE', 'BEL', '56', 'BE', 9999, 'Rest Europ�ische Union', '', 'Belgium', '', '', 'Rest of EU', '', '', '', '', '', 1),
('a7c40f632f65bd8e2.84963272', 0, 'Portugal', 'PT', 'PRT', '620', 'PT', 9999, 'Rest Europ�ische Union', '', 'Portugal', '', '', 'Rest of EU', '', '', '', '', '', 1),
('a7c40f633038cd578.22975442', 0, 'Spanien', 'ES', 'ESP', '724', 'ES', 9999, 'Rest Europ�ische Union', '', 'Spain', '', '', 'Rest of EU', '', '', '', '', '', 1),
('a7c40f633114e8fc6.25257477', 0, 'Griechenland', 'GR', 'GRC', '300', 'EL', 9999, 'Rest Europ�ische Union', '', 'Greece', '', '', 'Rest of EU', '', '', '', '', '', 1),
('8f241f11095306451.36998225', 0, 'Afghanistan', 'AF', 'AFG', '4', 'AF', 9999, 'Rest Welt', '', 'Afghanistan', '', '', 'Rest World', '', '', '', '', '', 0),
('8f241f110953265a5.25286134', 0, 'Albanien', 'AL', 'ALB', '8', 'AL', 9999, 'Rest Europa', '', 'Albania', '', '', 'Rest Europe', '', '', '', '', '', 0),
('8f241f1109533b943.50287900', 0, 'Algerien', 'DZ', 'DZA', '12', 'DZ', 9999, 'Rest Welt', '', 'Algeria', '', '', 'Rest World', '', '', '', '', '', 0),
('8f241f1109534f8c7.80349931', 0, 'Amerikanisch Samoa', 'AS', 'ASM', '16', 'AS', 9999, 'Rest Welt', '', 'American Samoa', '', '', 'Rest World', '', '', '', '', '', 0),
('8f241f11095363464.89657222', 0, 'Andorra', 'AD', 'AND', '20', 'AD', 9999, 'Europa', '', 'Andorra', '', '', 'Europe', '', '', '', '', '', 0),
('8f241f11095377d33.28678901', 0, 'Angola', 'AO', 'AGO', '24', 'AO', 9999, 'Rest Welt', '', 'Angola', '', '', 'Rest World', '', '', '', '', '', 0),
('8f241f11095392e41.74397491', 0, 'Anguilla', 'AI', 'AIA', '660', 'AI', 9999, 'Rest Welt', '', 'Anguilla', '', '', 'Rest World', '', '', '', '', '', 0),
('8f241f110953a8d10.29474848', 0, 'Antarktis', 'AQ', 'ATA', '10', 'AQ', 9999, 'Rest Welt', '', 'Antarctica', '', '', 'Rest World', '', '', '', '', '', 0),
('8f241f110953be8f2.56248134', 0, 'Antigua und Barbuda', 'AG', 'ATG', '28', 'AG', 9999, 'Rest Welt', '', 'Antigua and Barbuda', '', '', 'Rest World', '', '', '', '', '', 0),
('8f241f110953d2fb0.54260547', 0, 'Argentinien', 'AR', 'ARG', '32', 'AR', 9999, 'Rest Welt', '', 'Argentina', '', '', 'Rest World', '', '', '', '', '', 0),
('8f241f110953e7993.88180360', 0, 'Armenien', 'AM', 'ARM', '51', 'AM', 9999, 'Rest Europa', '', 'Armenia', '', '', 'Rest Europe', '', '', '', '', '', 0),
('8f241f110953facc6.31621036', 0, 'Aruba', 'AW', 'ABW', '533', 'AW', 9999, 'Rest Welt', '', 'Aruba', '', '', 'Rest World', '', '', '', '', '', 0),
('8f241f11095410f38.37165361', 0, 'Australien', 'AU', 'AUS', '36', 'AU', 9999, 'Rest Welt', '', 'Australia', '', '', 'Rest World', '', '', '', '', '', 0),
('8f241f1109543cf47.17877015', 0, 'Aserbaidschan', 'AZ', 'AZE', '31', 'AZ', 9999, 'Rest Welt', '', 'Azerbaijan', '', '', 'Rest World', '', '', '', '', '', 0),
('8f241f11095451379.72078871', 0, 'Bahamas', 'BS', 'BHS', '44', 'BS', 9999, 'Rest Welt', '', 'Bahamas', '', '', 'Rest World', '', '', '', '', '', 0),
('8f241f110954662e3.27051654', 0, 'Bahrain', 'BH', 'BHR', '48', 'BH', 9999, 'Welt', '', 'Bahrain', '', '', 'World', '', '', '', '', '', 0),
('8f241f1109547ae49.60154431', 0, 'Bangladesch', 'BD', 'BGD', '50', 'BD', 9999, 'Rest Welt', '', 'Bangladesh', '', '', 'Rest World', '', '', '', '', '', 0),
('8f241f11095497083.21181725', 0, 'Barbados', 'BB', 'BRB', '52', 'BB', 9999, 'Rest Welt', '', 'Barbados', '', '', 'Rest World', '', '', '', '', '', 0),
('8f241f110954ac5b9.63105203', 0, 'Wei�russland', 'BY', 'BLR', '112', 'BY', 9999, 'Rest Europa', '', 'Belarus', '', '', 'Rest Europe', '', '', '', '', '', 0),
('8f241f110954d3621.45362515', 0, 'Belize', 'BZ', 'BLZ', '84', 'BZ', 9999, 'Rest Welt', '', 'Belize', '', '', 'Rest World', '', '', '', '', '', 0),
('8f241f110954ea065.41455848', 0, 'Benin', 'BJ', 'BEN', '204', 'BJ', 9999, 'Rest Welt', '', 'Benin', '', '', 'Rest World', '', '', '', '', '', 0),
('8f241f110954fee13.50011948', 0, 'Bermuda', 'BM', 'BMU', '60', 'BM', 9999, 'Rest Welt', '', 'Bermuda', '', '', 'Rest World', '', '', '', '', '', 0),
('8f241f11095513ca0.75349731', 0, 'Bhutan', 'BT', 'BTN', '64', 'BT', 9999, 'Rest Welt', '', 'Bhutan', '', '', 'Rest World', '', '', '', '', '', 0),
('8f241f1109552aee2.91004965', 0, 'Bolivien', 'BO', 'BOL', '68', 'BO', 9999, 'Rest Welt', '', 'Bolivia', '', '', 'Rest World', '', '', '', '', '', 0),
('8f241f1109553f902.06960438', 0, 'Bosnien und Herzegowina', 'BA', 'BIH', '70', 'BA', 9999, 'Rest Europa', '', 'Bosnia and Herzegovina', '', '', 'Rest Europe', '', '', '', '', '', 0),
('8f241f11095554834.54199483', 0, 'Botsuana', 'BW', 'BWA', '72', 'BW', 9999, 'Rest Welt', '', 'Botswana', '', '', 'Rest World', '', '', '', '', '', 0),
('8f241f1109556dd57.84292282', 0, 'Bouvetinsel', 'BV', 'BVT', '74', 'BV', 9999, 'Rest Welt', '', 'Bouvet Island', '', '', 'Rest World', '', '', '', '', '', 0),
('8f241f11095592407.89986143', 0, 'Brasilien', 'BR', 'BRA', '76', 'BR', 9999, 'Rest Welt', '', 'Brazil', '', '', 'Rest World', '', '', '', '', '', 0),
('8f241f110955a7644.68859180', 0, 'Britisches Territorium im Indischen Ozean', 'IO', 'IOT', '86', 'IO', 9999, 'Rest Welt', '', 'British Indian Ocean Territory', '', '', 'Rest World', '', '', '', '', '', 0),
('8f241f110955bde61.63256042', 0, 'Brunei Darussalam', 'BN', 'BRN', '96', 'BN', 9999, 'Rest Welt', '', 'Brunei Darussalam', '', '', 'Rest World', '', '', '', '', '', 0),
('8f241f110955d3260.55487539', 0, 'Bulgarien', 'BG', 'BGR', '100', 'BG', 9999, 'Rest Europa', '', 'Bulgaria', '', '', 'Rest Europe', '', '', '', '', '', 1),
('8f241f110955ea7c8.36762654', 0, 'Burkina Faso', 'BF', 'BFA', '854', 'BF', 9999, 'Rest Welt', '', 'Burkina Faso', '', '', 'Rest World', '', '', '', '', '', 0),
('8f241f110956004d5.11534182', 0, 'Burundi', 'BI', 'BDI', '108', 'BI', 9999, 'Rest Welt', '', 'Burundi', '', '', 'Rest World', '', '', '', '', '', 0),
('8f241f110956175f9.81682035', 0, 'Kambodscha', 'KH', 'KHM', '116', 'KH', 9999, 'Rest Welt', '', 'Cambodia', '', '', 'Rest World', '', '', '', '', '', 0),
('8f241f11095632828.20263574', 0, 'Kamerun', 'CM', 'CMR', '120', 'CM', 9999, 'Rest Welt', '', 'Cameroon', '', '', 'Rest World', '', '', '', '', '', 0),
('8f241f11095649d18.02676059', 0, 'Kanada', 'CA', 'CAN', '124', 'CA', 9999, 'Welt', '', 'Canada', '', '', 'World', '', '', '', '', '', 0),
('8f241f1109565e671.48876354', 0, 'Kap Verde', 'CV', 'CPV', '132', 'CV', 9999, 'Rest Welt', '', 'Cape Verde', '', '', 'Rest World', '', '', '', '', '', 0),
('8f241f11095673248.50405852', 0, 'Kaimaninseln', 'KY', 'CYM', '136', 'KY', 9999, 'Rest Welt', '', 'Cayman Islands', '', '', 'Rest World', '', '', '', '', '', 0),
('8f241f1109568a509.03566030', 0, 'Zentralafrikanische Republik', 'CF', 'CAF', '140', 'CF', 9999, 'Rest Welt', '', 'Central African Republic', '', '', 'Rest World', '', '', '', '', '', 0),
('8f241f1109569d4c2.42800039', 0, 'Tschad', 'TD', 'TCD', '148', 'TD', 9999, 'Rest Welt', '', 'Chad', '', '', 'Rest World', '', '', '', '', '', 0),
('8f241f110956b3ea7.11168270', 0, 'Chile', 'CL', 'CHL', '152', 'CL', 9999, 'Rest Welt', '', 'Chile', '', '', 'Rest World', '', '', '', '', '', 0),
('8f241f110956c8860.37981845', 0, 'China', 'CN', 'CHN', '156', 'CN', 9999, 'Rest Welt', '', 'China', '', '', 'Rest World', '', '', '', '', '', 0),
('8f241f110956df6b2.52283428', 0, 'Weihnachtsinsel', 'CX', 'CXR', '162', 'CX', 9999, 'Rest Welt', '', 'Christmas Island', '', '', 'Rest World', '', '', '', '', '', 0),
('8f241f110956f54b4.26327849', 0, 'Kokosinseln (Keelinginseln)', 'CC', 'CCK', '166', 'CC', 9999, 'Rest Welt', '', 'Cocos (Keeling) Islands', '', '', 'Rest World', '', '', '', '', '', 0),
('8f241f1109570a1e3.69772638', 0, 'Kolumbien', 'CO', 'COL', '170', 'CO', 9999, 'Rest Welt', '', 'Colombia', '', '', 'Rest World', '', '', '', '', '', 0),
('8f241f1109571f018.46251535', 0, 'Komoren', 'KM', 'COM', '174', 'KM', 9999, 'Rest Welt', '', 'Comoros', '', '', 'Rest World', '', '', '', '', '', 0),
('8f241f11095732184.72771986', 0, 'Kongo', 'CG', 'COG', '178', 'CG', 9999, 'Rest Welt', '', 'Congo', '', '', 'Rest World', '', '', '', '', '', 0),
('8f241f11095746a92.94878441', 0, 'Cookinseln', 'CK', 'COK', '184', 'CK', 9999, 'Rest Welt', '', 'Cook Islands', '', '', 'Rest World', '', '', '', '', '', 0),
('8f241f1109575d708.20084150', 0, 'Costa Rica', 'CR', 'CRI', '188', 'CR', 9999, 'Rest Welt', '', 'Costa Rica', '', '', 'Rest World', '', '', '', '', '', 0),
('8f241f11095771f76.87904122', 0, 'Cote d�Ivoire', 'CI', 'CIV', '384', 'CI', 9999, 'Rest Welt', '', 'Cote d''Ivoire', '', '', 'Rest World', '', '', '', '', '', 0),
('8f241f11095789a04.65154246', 0, 'Kroatien', 'HR', 'HRV', '191', 'HR', 9999, 'Rest Europ�ische Union', '', 'Croatia', '', '', 'Rest of EU', '', '', '', '', '', 1),
('8f241f1109579ef49.91803242', 0, 'Kuba', 'CU', 'CUB', '192', 'CU', 9999, 'Rest Welt', '', 'Cuba', '', '', 'World', '', '', '', '', '', 0),
('8f241f110957b6896.52725150', 0, 'Zypern', 'CY', 'CYP', '196', 'CY', 9999, 'Rest Europa', '', 'Cyprus', '', '', 'Rest Europe', '', '', '', '', '', 1),
('8f241f110957cb457.97820918', 0, 'Tschechische Republik', 'CZ', 'CZE', '203', 'CZ', 9999, 'Europa', '', 'Czech Republic', '', '', 'Europe', '', '', '', '', '', 1),
('8f241f110957e6ef8.56458418', 0, 'D�nemark', 'DK', 'DNK', '208', 'DK', 9999, 'Europa', '', 'Denmark', '', '', 'Europe', '', '', '', '', '', 1),
('8f241f110957fd356.02918645', 0, 'Dschibuti', 'DJ', 'DJI', '262', 'DJ', 9999, 'Rest Welt', '', 'Djibouti', '', '', 'Rest World', '', '', '', '', '', 0),
('8f241f11095811ea5.84717844', 0, 'Dominica', 'DM', 'DMA', '212', 'DM', 9999, 'Rest Welt', '', 'Dominica', '', '', 'Rest World', '', '', '', '', '', 0),
('8f241f11095825bf2.61063355', 0, 'Dominikanische Republik', 'DO', 'DOM', '214', 'DO', 9999, 'Rest Welt', '', 'Dominican Republic', '', '', 'Rest World', '', '', '', '', '', 0),
('8f241f11095839323.86755169', 0, 'Timor-Leste', 'TL', 'TLS', '626', 'TL', 9999, 'Rest Welt', '', 'Timor-Leste', '', '', 'Rest World', '', '', '', '', '', 0),
('8f241f1109584d512.06663789', 0, 'Ecuador', 'EC', 'ECU', '218', 'EC', 9999, 'Rest Welt', '', 'Ecuador', '', '', 'Rest World', '', '', '', '', '', 0),
('8f241f11095861fb7.55278256', 0, '�gypten', 'EG', 'EGY', '818', 'EG', 9999, 'Welt', '', 'Egypt', '', '', 'World', '', '', '', '', '', 0),
('8f241f110958736a9.06061237', 0, 'El Salvador', 'SV', 'SLV', '222', 'SV', 9999, 'Rest Welt', '', 'El Salvador', '', '', 'Rest World', '', '', '', '', '', 0),
('8f241f1109588d077.74284490', 0, '�quatorialguinea', 'GQ', 'GNQ', '226', 'GQ', 9999, 'Rest Welt', '', 'Equatorial Guinea', '', '', 'Rest World', '', '', '', '', '', 0),
('8f241f110958a2216.38324531', 0, 'Eritrea', 'ER', 'ERI', '232', 'ER', 9999, 'Rest Welt', '', 'Eritrea', '', '', 'Rest World', '', '', '', '', '', 0),
('8f241f110958b69e4.93886171', 0, 'Estland', 'EE', 'EST', '233', 'EE', 9999, 'Rest Europ�ische Union', '', 'Estonia', '', '', 'Rest of EU', '', '', '', '', '', 1),
('8f241f110958caf67.08982313', 0, '�thiopien', 'ET', 'ETH', '210', 'ET', 9999, 'Rest Welt', '', 'Ethiopia', '', '', 'Rest World', '', '', '', '', '', 0),
('8f241f110958e2cc3.90770249', 0, 'Falklandinseln (Malwinen)', 'FK', 'FLK', '238', 'FK', 9999, 'Rest Welt', '', 'Falkland Islands (Malvinas)', '', '', 'Rest World', '', '', '', '', '', 0),
('8f241f110958f7ba4.96908065', 0, 'F�r�er', 'FO', 'FRO', '234', 'FO', 9999, 'Rest Welt', '', 'Faroe Islands', '', '', 'Rest World', '', '', '', '', '', 0),
('8f241f1109590d226.07938729', 0, 'Fidschi', 'FJ', 'FJI', '242', 'FJ', 9999, 'Rest Welt', '', 'Fiji', '', '', 'Rest World', '', '', '', '', '', 0),
('8f241f1109594fcb1.79441780', 0, 'Franz�sisch Guiana', 'GF', 'GUF', '254', 'GF', 9999, 'Rest Welt', '', 'French Guiana', '', '', 'Rest World', '', '', '', '', '', 0),
('8f241f110959636f5.71476354', 0, 'Franz�sisch-Polynesien', 'PF', 'PYF', '258', 'PF', 9999, 'Rest Welt', '', 'French Polynesia', '', '', 'Rest World', '', '', '', '', '', 0),
('8f241f110959784a3.34264829', 0, 'Franz�sische S�dgebiete', 'TF', 'ATF', '260', 'TF', 9999, 'Rest Welt', '', 'French Southern Territories', '', '', 'Rest World', '', '', '', '', '', 0),
('8f241f11095994cb6.59353392', 0, 'Gabun', 'GA', 'GAB', '266', 'GA', 9999, 'Rest Welt', '', 'Gabon', '', '', 'Rest World', '', '', '', '', '', 0),
('8f241f110959ace77.17379319', 0, 'Gambia', 'GM', 'GMB', '270', 'GM', 9999, 'Rest Welt', '', 'Gambia', '', '', 'Rest World', '', '', '', '', '', 0),
('8f241f110959c2341.01830199', 0, 'Georgien', 'GE', 'GEO', '268', 'GE', 9999, 'Rest Europa', '', 'Georgia', '', '', 'Rest Europe', '', '', '', '', '', 0),
('8f241f110959e96b3.05752152', 0, 'Ghana', 'GH', 'GHA', '288', 'GH', 9999, 'Rest Welt', '', 'Ghana', '', '', 'Rest World', '', '', '', '', '', 0),
('8f241f110959fdde0.68919405', 0, 'Gibraltar', 'GI', 'GIB', '292', 'GI', 9999, 'Rest Welt', '', 'Gibraltar', '', '', 'Rest World', '', '', '', '', '', 0),
('8f241f11095a29f47.04102343', 0, 'Gr�nland', 'GL', 'GRL', '304', 'GL', 9999, 'Europa', '', 'Greenland', '', '', 'Europe', '', '', '', '', '', 0),
('8f241f11095a3f195.88886789', 0, 'Grenada', 'GD', 'GRD', '308', 'GD', 9999, 'Rest Welt', '', 'Grenada', '', '', 'Rest World', '', '', '', '', '', 0),
('8f241f11095a52578.45413493', 0, 'Guadeloupe', 'GP', 'GLP', '312', 'GP', 9999, 'Rest Welt', '', 'Guadeloupe', '', '', 'Rest World', '', '', '', '', '', 0),
('8f241f11095a717b3.68126681', 0, 'Guam', 'GU', 'GUM', '316', 'GU', 9999, 'Rest Welt', '', 'Guam', '', '', 'Rest World', '', '', '', '', '', 0),
('8f241f11095a870a5.42235635', 0, 'Guatemala', 'GT', 'GTM', '320', 'GT', 9999, 'Rest Welt', '', 'Guatemala', '', '', 'Rest World', '', '', '', '', '', 0),
('8f241f11095a9bf82.19989557', 0, 'Guinea', 'GN', 'GIN', '324', 'GN', 9999, 'Rest Welt', '', 'Guinea', '', '', 'Rest World', '', '', '', '', '', 0),
('8f241f11095ab2b56.83049280', 0, 'Guinea-Bissau', 'GW', 'GNB', '624', 'GW', 9999, 'Rest Welt', '', 'Guinea-Bissau', '', '', 'Rest World', '', '', '', '', '', 0),
('8f241f11095ac9d30.56640429', 0, 'Guyana', 'GY', 'GUY', '328', 'GY', 9999, 'Rest Welt', '', 'Guyana', '', '', 'Rest World', '', '', '', '', '', 0),
('8f241f11095aebb06.34405179', 0, 'Haiti', 'HT', 'HTI', '332', 'HT', 9999, 'Rest Welt', '', 'Haiti', '', '', 'Rest World', '', '', '', '', '', 0),
('8f241f11095aff2c3.98054755', 0, 'Heard Insel und McDonald Inseln', 'HM', 'HMD', '334', 'HM', 9999, 'Rest Welt', '', 'Heard Island And Mcdonald Islands', '', '', 'Rest World', '', '', '', '', '', 0),
('8f241f11095b13f57.56022305', 0, 'Honduras', 'HN', 'HND', '340', 'HN', 9999, 'Rest Welt', '', 'Honduras', '', '', 'Rest World', '', '', '', '', '', 0),
('8f241f11095b29021.49657118', 0, 'Hong Kong', 'HK', 'HKG', '344', 'HK', 9999, 'Rest Welt', '', 'Hong Kong', '', '', 'Rest World', '', '', '', '', '', 0),
('8f241f11095b3e016.98213173', 0, 'Ungarn', 'HU', 'HUN', '348', 'HU', 9999, 'Rest Europa', '', 'Hungary', '', '', 'Rest Europe', '', '', '', '', '', 1),
('8f241f11095b55846.26192602', 0, 'Island', 'IS', 'ISL', '352', 'IS', 9999, 'Rest Europa', '', 'Iceland', '', '', 'Rest Europe', '', '', '', '', '', 0),
('8f241f11095b6bb86.01364904', 0, 'Indien', 'IN', 'IND', '356', 'IN', 9999, 'Rest Welt', '', 'India', '', '', 'Rest World', '', '', '', '', '', 0),
('8f241f11095b80526.59927631', 0, 'Indonesien', 'ID', 'IDN', '360', 'ID', 9999, 'Rest Welt', '', 'Indonesia', '', '', 'Rest World', '', '', '', '', '', 0),
('8f241f11095b94476.05195832', 0, 'Iran', 'IR', 'IRN', '364', 'IR', 9999, 'Welt', '', 'Iran', '', '', 'World', '', '', '', '', '', 0),
('8f241f11095bad5b2.42645724', 0, 'Irak', 'IQ', 'IRQ', '368', 'IQ', 9999, 'Welt', '', 'Iraq', '', '', 'World', '', '', '', '', '', 0),
('8f241f11095bd65e1.59459683', 0, 'Israel', 'IL', 'ISR', '376', 'IL', 9999, 'Rest Europa', '', 'Israel', '', '', 'Rest Europe', '', '', '', '', '', 0),
('8f241f11095bfe834.63390185', 0, 'Jamaika', 'JM', 'JAM', '388', 'JM', 9999, 'Rest Welt', '', 'Jamaica', '', '', 'Rest World', '', '', '', '', '', 0),
('8f241f11095c11d43.73419747', 0, 'Japan', 'JP', 'JPN', '392', 'JP', 9999, 'Rest Welt', '', 'Japan', '', '', 'Rest World', '', '', '', '', '', 0),
('8f241f11095c2b304.75906962', 0, 'Jordanien', 'JO', 'JOR', '400', 'JO', 9999, 'Rest Welt', '', 'Jordan', '', '', 'Rest World', '', '', '', '', '', 0),
('8f241f11095c3e2d1.36714463', 0, 'Kasachstan', 'KZ', 'KAZ', '398', 'KZ', 9999, 'Rest Europa', '', 'Kazakhstan', '', '', 'Rest Europe', '', '', '', '', '', 0),
('8f241f11095c5b8e8.66333679', 0, 'Kenia', 'KE', 'KEN', '404', 'KE', 9999, 'Rest Welt', '', 'Kenya', '', '', 'Rest World', '', '', '', '', '', 0),
('8f241f11095c6e184.21450618', 0, 'Kiribati', 'KI', 'KIR', '296', 'KI', 9999, 'Rest Welt', '', 'Kiribati', '', '', 'Rest World', '', '', '', '', '', 0),
('8f241f11095c87284.37982544', 0, 'Nordkorea', 'KP', 'PRK', '408', 'KP', 9999, 'Rest Welt', '', 'North Korea', '', '', 'Rest World', '', '', '', '', '', 0),
('8f241f11095c9de64.01275726', 0, 'S�dkorea', 'KR', 'KOR', '410', 'KR', 9999, 'Rest Welt', '', 'South Korea', '', '', 'Rest World', '', '', '', '', '', 0),
('8f241f11095cb1546.46652174', 0, 'Kuwait', 'KW', 'KWT', '414', 'KW', 9999, 'Welt', '', 'Kuwait', '', '', 'World', '', '', '', '', '', 0),
('8f241f11095cc7ef5.28043767', 0, 'Kirgisistan', 'KG', 'KGZ', '417', 'KG', 9999, 'Rest Welt', '', 'Kyrgyzstan', '', '', 'Rest World', '', '', '', '', '', 0),
('8f241f11095cdccd5.96388808', 0, 'Laos', 'LA', 'LAO', '418', 'LA', 9999, 'Rest Welt', '', 'Laos', '', '', 'Rest World', '', '', '', '', '', 0),
('8f241f11095cf2ea6.73925511', 0, 'Lettland', 'LV', 'LVA', '428', 'LV', 9999, 'Rest Europ�ische Union', '', 'Latvia', '', '', 'Rest of EU', '', '', '', '', '', 1),
('8f241f11095d07d87.58986129', 0, 'Libanon', 'LB', 'LBN', '422', 'LB', 9999, 'Welt', '', 'Lebanon', '', '', 'World', '', '', '', '', '', 0),
('8f241f11095d1c9b2.21548132', 0, 'Lesotho', 'LS', 'LSO', '426', 'LS', 9999, 'Rest Welt', '', 'Lesotho', '', '', 'Rest World', '', '', '', '', '', 0),
('8f241f11095d2fd28.91858908', 0, 'Liberia', 'LR', 'LBR', '430', 'LR', 9999, 'Welt', '', 'Liberia', '', '', 'World', '', '', '', '', '', 0),
('8f241f11095d46188.64679605', 0, 'Libyen', 'LY', 'LBY', '434', 'LY', 9999, 'Rest Welt', '', 'Libya', '', '', 'Rest World', '', '', '', '', '', 0),
('8f241f11095d6ffa8.86593236', 0, 'Litauen', 'LT', 'LTU', '440', 'LT', 9999, 'Rest Europ�ische Union', '', 'Lithuania', '', '', 'Rest of EU', '', '', '', '', '', 1),
('8f241f11095d9c1b2.13577033', 0, 'Macao', 'MO', 'MAC', '446', 'MO', 9999, 'Rest Welt', '', 'Macao', '', '', 'Rest World', '', '', '', '', '', 0),
('8f241f11095db2291.58912887', 0, 'Mazedonien', 'MK', 'MKD', '807', 'MK', 9999, 'Rest Europa', '', 'Macedonia', '', '', 'Rest Europe', '', '', '', '', '', 0),
('8f241f11095dccf17.06266806', 0, 'Madagaskar', 'MG', 'MDG', '450', 'MG', 9999, 'Rest Welt', '', 'Madagascar', '', '', 'Rest World', '', '', '', '', '', 0),
('8f241f11095de2119.60795833', 0, 'Malawi', 'MW', 'MWI', '454', 'MW', 9999, 'Rest Welt', '', 'Malawi', '', '', 'Rest World', '', '', '', '', '', 0),
('8f241f11095df78a8.44559506', 0, 'Malaysia', 'MY', 'MYS', '458', 'MY', 9999, 'Rest Welt', '', 'Malaysia', '', '', 'Rest World', '', '', '', '', '', 0),
('8f241f11095e0c6c9.43746477', 0, 'Malediven', 'MV', 'MDV', '462', 'MV', 9999, 'Rest Welt', '', 'Maldives', '', '', 'Rest World', '', '', '', '', '', 0),
('8f241f11095e24006.17141715', 0, 'Mali', 'ML', 'MLI', '466', 'ML', 9999, 'Rest Welt', '', 'Mali', '', '', 'Rest World', '', '', '', '', '', 0),
('8f241f11095e36eb3.69050509', 0, 'Malta', 'MT', 'MLT', '470', 'MT', 9999, 'Rest Welt', '', 'Malta', '', '', 'Rest World', '', '', '', '', '', 1),
('8f241f11095e4e338.26817244', 0, 'Marshallinseln', 'MH', 'MHL', '584', 'MH', 9999, 'Rest Welt', '', 'Marshall Islands', '', '', 'Rest World', '', '', '', '', '', 0),
('8f241f11095e631e1.29476484', 0, 'Martinique', 'MQ', 'MTQ', '474', 'MQ', 9999, 'Rest Welt', '', 'Martinique', '', '', 'Rest World', '', '', '', '', '', 0),
('8f241f11095e7bff9.09518271', 0, 'Mauretanien', 'MR', 'MRT', '478', 'MR', 9999, 'Rest Welt', '', 'Mauritania', '', '', 'Rest World', '', '', '', '', '', 0),
('8f241f11095e90a81.01156393', 0, 'Mauritius', 'MU', 'MUS', '480', 'MU', 9999, 'Rest Welt', '', 'Mauritius', '', '', 'Rest World', '', '', '', '', '', 0),
('8f241f11095ea6249.81474246', 0, 'Mayotte', 'YT', 'MYT', '175', 'YT', 9999, 'Rest Welt', '', 'Mayotte', '', '', 'Rest World', '', '', '', '', '', 0),
('8f241f11095ebf3a6.86388577', 0, 'Mexiko', 'MX', 'MEX', '484', 'MX', 9999, 'Rest Welt', '', 'Mexico', '', '', 'Rest World', '', '', '', '', '', 0),
('8f241f11095ed4902.49276197', 0, 'Mikronesien, F�derierte Staaten von', 'FM', 'FSM', '583', 'FM', 9999, 'Rest Welt', '', 'Micronesia, Federated States Of', '', '', 'Rest World', '', '', '', '', '', 0),
('8f241f11095ee9923.85175653', 0, 'Moldawien', 'MD', 'MDA', '498', 'MD', 9999, 'Rest Europa', '', 'Moldova', '', '', 'Rest Europe', '', '', '', '', '', 0),
('8f241f11095f00d65.30318330', 0, 'Monaco', 'MC', 'MCO', '492', 'MC', 9999, 'Europa', '', 'Monaco', '', '', 'Europe', '', '', '', '', '', 0),
('8f241f11095f160c9.41059441', 0, 'Mongolei', 'MN', 'MNG', '496', 'MN', 9999, 'Rest Welt', '', 'Mongolia', '', '', 'Rest World', '', '', '', '', '', 0),
('8f241f11095f314f5.05830324', 0, 'Montserrat', 'MS', 'MSR', '500', 'MS', 9999, 'Rest Welt', '', 'Montserrat', '', '', 'Rest World', '', '', '', '', '', 0),
('8f241f11096006828.49285591', 0, 'Marokko', 'MA', 'MAR', '504', 'MA', 9999, 'Welt', '', 'Morocco', '', '', 'World', '', '', '', '', '', 0),
('8f241f1109601b419.55269691', 0, 'Mosambik', 'MZ', 'MOZ', '508', 'MZ', 9999, 'Rest Welt', '', 'Mozambique', '', '', 'Rest World', '', '', '', '', '', 0),
('8f241f11096030af5.65449043', 0, 'Myanmar', 'MM', 'MMR', '104', 'MM', 9999, 'Rest Welt', '', 'Myanmar', '', '', 'Rest World', '', '', '', '', '', 0),
('8f241f11096046575.31382060', 0, 'Namibia', 'NA', 'NAM', '516', 'NA', 9999, 'Rest Welt', '', 'Namibia', '', '', 'Rest World', '', '', '', '', '', 0),
('8f241f1109605b1f4.20574895', 0, 'Nauru', 'NR', 'NRU', '520', 'NR', 9999, 'Rest Welt', '', 'Nauru', '', '', 'Rest World', '', '', '', '', '', 0),
('8f241f1109607a9e7.03486450', 0, 'Nepal', 'NP', 'NPL', '524', 'NP', 9999, 'Rest Welt', '', 'Nepal', '', '', 'Rest World', '', '', '', '', '', 0),
('8f241f110960aeb64.09757010', 0, 'Niederl�ndische Antillen', 'AN', 'ANT', '530', 'AN', 9999, 'Rest Welt', '', 'Netherlands Antilles', '', '', 'Rest World', '', '', '', '', '', 0),
('8f241f110960c3e97.21901471', 0, 'Neukaledonien', 'NC', 'NCL', '540', 'NC', 9999, 'Rest Welt', '', 'New Caledonia', '', '', 'Rest World', '', '', '', '', '', 0),
('8f241f110960d8e58.96466103', 0, 'Neuseeland', 'NZ', 'NZL', '554', 'NZ', 9999, 'Rest Welt', '', 'New Zealand', '', '', 'Rest World', '', '', '', '', '', 0),
('8f241f110960ec345.71805056', 0, 'Nicaragua', 'NI', 'NIC', '558', 'NI', 9999, 'Rest Welt', '', 'Nicaragua', '', '', 'Rest World', '', '', '', '', '', 0),
('8f241f11096101a79.70513227', 0, 'Niger', 'NE', 'NER', '562', 'NE', 9999, 'Rest Welt', '', 'Niger', '', '', 'Rest World', '', '', '', '', '', 0),
('8f241f11096116744.92008092', 0, 'Nigeria', 'NG', 'NGA', '566', 'NG', 9999, 'Rest Welt', '', 'Nigeria', '', '', 'Rest World', '', '', '', '', '', 0),
('8f241f1109612dc68.63806992', 0, 'Niue', 'NU', 'NIU', '570', 'NU', 9999, 'Rest Welt', '', 'Niue', '', '', 'Rest World', '', '', '', '', '', 0),
('8f241f110961442c2.82573898', 0, 'Norfolkinsel', 'NF', 'NFK', '574', 'NF', 9999, 'Rest Welt', '', 'Norfolk Island', '', '', 'Rest World', '', '', '', '', '', 0),
('8f241f11096162678.71164081', 0, 'N�rdliche Marianen', 'MP', 'MNP', '580', 'MP', 9999, 'Rest Welt', '', 'Northern Mariana Islands', '', '', 'Rest World', '', '', '', '', '', 0),
('8f241f11096176795.61257067', 0, 'Norwegen', 'NO', 'NOR', '578', 'NO', 9999, 'Rest Europa', '', 'Norway', '', '', 'Rest Europe', '', '', '', '', '', 0),
('8f241f1109618d825.87661926', 0, 'Oman', 'OM', 'OMN', '512', 'OM', 9999, 'Rest Welt', '', 'Oman', '', '', 'Rest World', '', '', '', '', '', 0),
('8f241f110961a2401.59039740', 0, 'Pakistan', 'PK', 'PAK', '586', 'PK', 9999, 'Rest Welt', '', 'Pakistan', '', '', 'Rest World', '', '', '', '', '', 0),
('8f241f110961b7729.14290490', 0, 'Palau', 'PW', 'PLW', '585', 'PW', 9999, 'Rest Welt', '', 'Palau', '', '', 'Rest World', '', '', '', '', '', 0),
('8f241f110961cc384.18166560', 0, 'Panama', 'PA', 'PAN', '591', 'PA', 9999, 'Rest Welt', '', 'Panama', '', '', 'Rest World', '', '', '', '', '', 0),
('8f241f110961e3538.78435307', 0, 'Papua-Neuguinea', 'PG', 'PNG', '598', 'PG', 9999, 'Rest Welt', '', 'Papua New Guinea', '', '', 'Rest World', '', '', '', '', '', 0),
('8f241f110961f9d61.52794273', 0, 'Paraguay', 'PY', 'PRY', '600', 'PY', 9999, 'Rest Welt', '', 'Paraguay', '', '', 'Rest World', '', '', '', '', '', 0),
('8f241f1109620b245.16261506', 0, 'Peru', 'PE', 'PER', '604', 'PE', 9999, 'Rest Welt', '', 'Peru', '', '', 'Rest World', '', '', '', '', '', 0),
('8f241f1109621faf8.40135556', 0, 'Philippinen', 'PH', 'PHL', '608', 'PH', 9999, 'Rest Welt', '', 'Philippines', '', '', 'Rest World', '', '', '', '', '', 0),
('8f241f11096234d62.44125992', 0, 'Pitcairn', 'PN', 'PCN', '612', 'PN', 9999, 'Rest Welt', '', 'Pitcairn', '', '', 'Rest World', '', '', '', '', '', 0),
('8f241f1109624d3f8.50953605', 0, 'Polen', 'PL', 'POL', '616', 'PL', 9999, 'Europa', '', 'Poland', '', '', 'Europe', '', '', '', '', '', 1),
('8f241f11096279a22.50582479', 0, 'Puerto Rico', 'PR', 'PRI', '630', 'PR', 9999, 'Rest Welt', '', 'Puerto Rico', '', '', 'Rest World', '', '', '', '', '', 0),
('8f241f1109628f903.51478291', 0, 'Katar', 'QA', 'QAT', '634', 'QA', 9999, 'Rest Welt', '', 'Qatar', '', '', 'Rest World', '', '', '', '', '', 0),
('8f241f110962a3ec5.65857240', 0, 'R�union', 'RE', 'REU', '638', 'RE', 9999, 'Rest Welt', '', 'R�union', '', '', 'Rest World', '', '', '', '', '', 0),
('8f241f110962c3007.60363573', 0, 'Rum�nien', 'RO', 'ROU', '642', 'RO', 9999, 'Rest Europa', '', 'Romania', '', '', 'Rest Europe', '', '', '', '', '', 1),
('8f241f110962e40e6.75062153', 0, 'Russische F�deration', 'RU', 'RUS', '643', 'RU', 9999, 'Rest Europa', '', 'Russian Federation', '', '', 'Rest Europe', '', '', '', '', '', 0),
('8f241f110962f8615.93666560', 0, 'Ruanda', 'RW', 'RWA', '646', 'RW', 9999, 'Rest Welt', '', 'Rwanda', '', '', 'Rest World', '', '', '', '', '', 0),
('8f241f110963177a7.49289900', 0, 'St. Kitts und Nevis', 'KN', 'KNA', '659', 'KN', 9999, 'Rest Welt', '', 'Saint Kitts and Nevis', '', '', 'Rest World', '', '', '', '', '', 0),
('8f241f1109632fab4.68646740', 0, 'St. Lucia', 'LC', 'LCA', '662', 'LC', 9999, 'Rest Welt', '', 'Saint Lucia', '', '', 'Rest World', '', '', '', '', '', 0),
('8f241f110963443c3.29598809', 0, 'St. Vincent und die Grenadinen', 'VC', 'VCT', '670', 'VC', 9999, 'Rest Welt', '', 'Saint Vincent and The Grenadines', '', '', 'Rest World', '', '', '', '', '', 0),
('8f241f11096359986.06476221', 0, 'Samoa', 'WS', 'WSM', '882', 'WS', 9999, 'Rest Welt', '', 'Samoa', '', '', 'Rest World', '', '', '', '', '', 0),
('8f241f11096375757.44126946', 0, 'San Marino', 'SM', 'SMR', '674', 'SM', 9999, 'Europa', '', 'San Marino', '', '', 'Europe', '', '', '', '', '', 0),
('8f241f1109639b8c4.57484984', 0, 'Sao Tome und Principe', 'ST', 'STP', '678', 'ST', 9999, 'Rest Welt', '', 'Sao Tome and Principe', '', '', 'Rest World', '', '', '', '', '', 0),
('8f241f110963b9b20.41500709', 0, 'Saudi-Arabien', 'SA', 'SAU', '682', 'SA', 9999, 'Welt', '', 'Saudi Arabia', '', '', 'World', '', '', '', '', '', 0),
('8f241f110963d9962.36307144', 0, 'Senegal', 'SN', 'SEN', '686', 'SN', 9999, 'Rest Welt', '', 'Senegal', '', '', 'Rest World', '', '', '', '', '', 0),
('8f241f110963f98d8.68428379', 0, 'Serbien', 'RS', 'SRB', '688', 'RS', 9999, 'Rest Europa', '', 'Serbia', '', '', 'Rest Europe', '', '', '', '', '', 0),
('8f241f11096418496.77253079', 0, 'Seychellen', 'SC', 'SYC', '690', 'SC', 9999, 'Rest Welt', '', 'Seychelles', '', '', 'Rest World', '', '', '', '', '', 0),
('8f241f11096436968.69551351', 0, 'Sierra Leone', 'SL', 'SLE', '694', 'SL', 9999, 'Rest Welt', '', 'Sierra Leone', '', '', 'Rest World', '', '', '', '', '', 0),
('8f241f11096456a48.79608805', 0, 'Singapur', 'SG', 'SGP', '702', 'SG', 9999, 'Rest Welt', '', 'Singapore', '', '', 'Rest World', '', '', '', '', '', 0),
('8f241f1109647a265.29938154', 0, 'Slowakei', 'SK', 'SVK', '703', 'SK', 9999, 'Europa', '', 'Slovakia', '', '', 'Europe', '', '', '', '', '', 1),
('8f241f11096497149.85116254', 0, 'Slowenien', 'SI', 'SVN', '705', 'SI', 9999, 'Rest Europa', '', 'Slovenia', '', '', 'Rest Europe', '', '', '', '', '', 1),
('8f241f110964b7bf9.49501835', 0, 'Salomonen', 'SB', 'SLB', '90', 'SB', 9999, 'Rest Welt', '', 'Solomon Islands', '', '', 'Rest World', '', '', '', '', '', 0),
('8f241f110964d5f29.11398308', 0, 'Somalia', 'SO', 'SOM', '706', 'SO', 9999, 'Rest Welt', '', 'Somalia', '', '', 'Rest World', '', '', '', '', '', 0),
('8f241f110964f2623.74976876', 0, 'S�dafrika', 'ZA', 'ZAF', '710', 'ZA', 9999, 'Rest Welt', '', 'South Africa', '', '', 'Rest World', '', '', '', '', '', 0),
('8f241f11096531330.03198083', 0, 'Sri Lanka', 'LK', 'LKA', '144', 'LK', 9999, 'Rest Welt', '', 'Sri Lanka', '', '', 'Rest World', '', '', '', '', '', 0),
('8f241f1109654dca4.99466434', 0, 'Saint Helena', 'SH', 'SHN', '654', 'SH', 9999, 'Rest Welt', '', 'Saint Helena', '', '', 'Rest World', '', '', '', '', '', 0),
('8f241f1109656cde9.10816078', 0, 'Saint Pierre und Miquelon', 'PM', 'SPM', '666', 'PM', 9999, 'Rest Welt', '', 'Saint Pierre and Miquelon', '', '', 'Rest World', '', '', '', '', '', 0),
('8f241f1109658cbe5.08293991', 0, 'Sudan', 'SD', 'SDN', '736', 'SD', 9999, 'Rest Welt', '', 'Sudan', '', '', 'Rest World', '', '', '', '', '', 0),
('8f241f110965c7347.75108681', 0, 'Suriname', 'SR', 'SUR', '740', 'SR', 9999, 'Rest Welt', '', 'Suriname', '', '', 'Rest World', '', '', '', '', '', 0),
('8f241f110965eb7b7.26149742', 0, 'Svalbard und Jan Mayen', 'SJ', 'SJM', '744', 'SJ', 9999, 'Rest Welt', '', 'Svalbard and Jan Mayen', '', '', 'Rest World', '', '', '', '', '', 0),
('8f241f1109660c113.62780718', 0, 'Swasiland', 'SZ', 'SWZ', '748', 'SZ', 9999, 'Rest Welt', '', 'Swaziland', '', '', 'Rest World', '', '', '', '', '', 0),
('8f241f1109666b7f3.81435898', 0, 'Syrien', 'SY', 'SYR', '760', 'SY', 9999, 'Rest Welt', '', 'Syria', '', '', 'Rest World', '', '', '', '', '', 0),
('8f241f11096687ec7.58824735', 0, 'Republik China (Taiwan)', 'TW', 'TWN', '158', 'TW', 9999, 'Rest Welt', '', 'Taiwan, Province of China', '', '', 'Rest World', '', '', '', '', '', 0),
('8f241f110966a54d1.43798997', 0, 'Tadschikistan', 'TJ', 'TJK', '762', 'TJ', 9999, 'Rest Welt', '', 'Tajikistan', '', '', 'Rest World', '', '', '', '', '', 0),
('8f241f110966c3a75.68297960', 0, 'Tansania', 'TZ', 'TZA', '834', 'TZ', 9999, 'Rest Welt', '', 'Tanzania', '', '', 'Rest World', '', '', '', '', '', 0),
('8f241f11096707e08.60512709', 0, 'Thailand', 'TH', 'THA', '764', 'TH', 9999, 'Rest Welt', '', 'Thailand', '', '', 'Rest World', '', '', '', '', '', 0),
('8f241f110967241e1.34925220', 0, 'Togo', 'TG', 'TGO', '768', 'TG', 9999, 'Rest Welt', '', 'Togo', '', '', 'Rest World', '', '', '', '', '', 0),
('8f241f11096742565.72138875', 0, 'Tokelau', 'TK', 'TKL', '772', 'TK', 9999, 'Rest Welt', '', 'Tokelau', '', '', 'Rest World', '', '', '', '', '', 0),
('8f241f11096762b31.03069244', 0, 'Tonga', 'TO', 'TON', '776', 'TO', 9999, 'Rest Welt', '', 'Tonga', '', '', 'Rest World', '', '', '', '', '', 0),
('8f241f1109677ed23.84886671', 0, 'Trinidad und Tobago', 'TT', 'TTO', '780', 'TT', 9999, 'Rest Welt', '', 'Trinidad and Tobago', '', '', 'Rest World', '', '', '', '', '', 0),
('8f241f1109679d988.46004322', 0, 'Tunesien', 'TN', 'TUN', '788', 'TN', 9999, 'Welt', '', 'Tunisia', '', '', 'World', '', '', '', '', '', 0),
('8f241f110967bba40.88233204', 0, 'T�rkei', 'TR', 'TUR', '792', 'TR', 9999, 'Rest Europa', '', 'Turkey', '', '', 'Rest Europe', '', '', '', '', '', 0),
('8f241f110967d8f65.52699796', 0, 'Turkmenistan', 'TM', 'TKM', '795', 'TM', 9999, 'Rest Welt', '', 'Turkmenistan', '', '', 'Rest World', '', '', '', '', '', 0),
('8f241f110967f73f8.13141492', 0, 'Turks- und Caicosinseln', 'TC', 'TCA', '796', 'TC', 9999, 'Rest Welt', '', 'Turks and Caicos Islands', '', '', 'Rest World', '', '', '', '', '', 0),
('8f241f1109680ec30.97426963', 0, 'Tuvalu', 'TV', 'TUV', '798', 'TV', 9999, 'Rest Welt', '', 'Tuvalu', '', '', 'Rest World', '', '', '', '', '', 0),
('8f241f11096823019.47846368', 0, 'Uganda', 'UG', 'UGA', '800', 'UG', 9999, 'Rest Welt', '', 'Uganda', '', '', 'Rest World', '', '', '', '', '', 0),
('8f241f110968391d2.37199812', 0, 'Ukraine', 'UA', 'UKR', '804', 'UA', 9999, 'Rest Europa', '', 'Ukraine', '', '', 'Rest Europe', '', '', '', '', '', 0),
('8f241f1109684bf15.63071279', 0, 'Vereinigte Arabische Emirate', 'AE', 'ARE', '784', 'AE', 9999, 'Rest Welt', '', 'United Arab Emirates', '', '', 'Rest World', '', '', '', '', '', 0),
('8f241f11096877ac0.98748826', 1, 'Vereinigte Staaten von Amerika', 'US', 'USA', '840', 'US', 9999, 'Welt', '', 'United States', '', '', 'World', '', '', '', '', '', 0),
('8f241f11096894977.41239553', 0, 'United States Minor Outlying Islands', 'UM', 'UMI', '581', 'UM', 9999, 'Rest Welt', '', 'United States Minor Outlying Islands', '', '', 'Rest World', '', '', '', '', '', 0),
('8f241f110968a7cc9.56710143', 0, 'Uruguay', 'UY', 'URY', '858', 'UY', 9999, 'Rest Welt', '', 'Uruguay', '', '', 'Rest World', '', '', '', '', '', 0),
('8f241f110968bec45.44161857', 0, 'Usbekistan', 'UZ', 'UZB', '860', 'UZ', 9999, 'Rest Welt', '', 'Uzbekistan', '', '', 'Rest World', '', '', '', '', '', 0),
('8f241f110968d3f03.13630334', 0, 'Vanuatu', 'VU', 'VUT', '548', 'VU', 9999, 'Rest Welt', '', 'Vanuatu', '', '', 'Rest World', '', '', '', '', '', 0),
('8f241f110968ebc30.63792746', 0, 'Heiliger Stuhl (Vatikanstadt)', 'VA', 'VAT', '336', 'VA', 9999, 'Europa', '', 'Holy See (Vatican City State)', '', '', 'Europe', '', '', '', '', '', 0),
('8f241f11096902d92.14742486', 0, 'Venezuela', 'VE', 'VEN', '862', 'VE', 9999, 'Rest Welt', '', 'Venezuela', '', '', 'Rest World', '', '', '', '', '', 0),
('8f241f11096919d00.92534927', 0, 'Vietnam', 'VN', 'VNM', '704', 'VN', 9999, 'Rest Welt', '', 'Vietnam', '', '', 'Rest World', '', '', '', '', '', 0),
('8f241f1109692fc04.15216034', 0, 'Britische Jungferninseln', 'VG', 'VGB', '92', 'VG', 9999, 'Rest Welt', '', 'Virgin Islands, British', '', '', 'Rest World', '', '', '', '', '', 0),
('8f241f11096944468.61956573', 0, 'Amerikanische Jungferninseln', 'VI', 'VIR', '850', 'VI', 9999, 'Rest Welt', '', 'Virgin Islands, U.S.', '', '', 'Rest World', '', '', '', '', '', 0),
('8f241f110969598c8.76966113', 0, 'Wallis und Futuna', 'WF', 'WLF', '876', 'WF', 9999, 'Rest Welt', '', 'Wallis and Futuna', '', '', 'Rest World', '', '', '', '', '', 0),
('8f241f1109696e4e9.33006292', 0, 'Westsahara', 'EH', 'ESH', '732', 'EH', 9999, 'Rest Welt', '', 'Western Sahara', '', '', 'Rest World', '', '', '', '', '', 0),
('8f241f11096982354.73448958', 0, 'Jemen', 'YE', 'YEM', '887', 'YE', 9999, 'Rest Welt', '', 'Yemen', '', '', 'Rest World', '', '', '', '', '', 0),
('a7c40f632a0804ab5.18804099', 0, '�land Inseln', 'AX', 'ALA', '248', 'AX', 9999, 'Rest Welt', '', '�land Islands', '', '', 'Rest World', '', '', '', '', '', 0),
('8f241f110969c34a2.42564730', 0, 'Sambia', 'ZM', 'ZMB', '894', 'ZM', 9999, 'Rest Welt', '', 'Zambia', '', '', 'Rest World', '', '', '', '', '', 0),
('8f241f110969da699.04185888', 0, 'Simbabwe', 'ZW', 'ZWE', '716', 'ZW', 9999, 'Rest Welt', '', 'Zimbabwe', '', '', 'Rest World', '', '', '', '', '', 0),
('56d308a822c18e106.3ba59048', 0, 'Montenegro', 'ME', 'MNE', '499', 'ME', 9999, 'Rest Europa', '', 'Montenegro', '', '', 'Rest Europe', '', '', '', '', '', 0),
('8f241f1109575d708.20084199', 0, 'Kongo, Dem. Rep.', 'CD', 'COD', '180', 'CD', 9999, 'Rest Welt', '', 'Congo, The Democratic Republic Of The', '', '', 'Rest World', '', '', '', '', '', 0),
('56d308a822c18e106.3ba59099', 0, 'Guernsey', 'GG', 'GGY', '831', 'GG', 9999, 'Rest Welt', '', 'Guernsey', '', '', 'Rest World', '', '', '', '', '', 0),
('8f241f11096982354.73448999', 0, 'Isle of Man', 'IM', 'IMN', '833', 'IM', 9999, 'Rest Welt', '', 'Isle Of Man', '', '', 'Rest World', '', '', '', '', '', 0),
('8f241f11096944468.61956599', 0, 'Jersey', 'JE', 'JEY', '832', 'JE', 9999, 'Rest Welt', '', 'Jersey', '', '', 'Rest World', '', '', '', '', '', 0),
('8f241f110968ebc30.63792799', 0, 'Pal�stinische Gebiete', 'PS', 'PSE', '275', 'PS', 9999, 'Rest Welt', '', 'Palestinian Territory, Occupied', '', '', 'Rest World', '', '', '', '', '', 0),
('8f241f110968a7cc9.56710199', 0, 'Saint-Barth�lemy', 'BL', 'BLM', '652', 'BL', 9999, 'Rest Welt', '', 'Saint Barth�lemy', '', '', 'Rest World', '', '', '', '', '', 0),
('a7c40f632f65bd8e2.84963299', 0, 'Saint-Martin', 'MF', 'MAF', '663', 'MF', 9999, 'Rest Welt', '', 'Saint Martin', '', '', 'Rest World', '', '', '', '', '', 0),
('8f241f1109533b943.50287999', 0, 'S�dgeorgien und die S�dlichen Sandwichinseln', 'GS', 'SGS', '239', 'GS', 9999, 'Rest Welt', '', 'South Georgia and The South Sandwich Islands', '', '', 'Rest World', '', '', '', '', '', 0);

INSERT INTO `oxdeliveryset` (`OXID`, `OXSHOPID`, `OXACTIVE`, `OXACTIVEFROM`, `OXACTIVETO`, `OXTITLE`, `OXTITLE_1`, `OXTITLE_2`, `OXTITLE_3`, `OXPOS`) VALUES
('oxidstandard', 1, 1, '0000-00-00 00:00:00', '0000-00-00 00:00:00', 'Standard', 'Standard', '', '', 10);

INSERT INTO `oxgroups` (`OXID`, `OXACTIVE`, `OXTITLE`, `OXTITLE_1`, `OXTITLE_2`, `OXTITLE_3`) VALUES
('oxidblacklist', 1, 'Blacklist', 'Blacklist', '', ''),
('oxidsmallcust', 1, 'Geringer Umsatz', 'Less Turnover', '', ''),
('oxidmiddlecust', 1, 'Mittlerer Umsatz', 'Medium Turnover', '', ''),
('oxidgoodcust', 1, 'Grosser Umsatz', 'Huge Turnover', '', ''),
('oxidforeigncustomer', 1, 'Auslandskunde', 'Foreign Customer', '', ''),
('oxidnewcustomer', 1, 'Inlandskunde', 'Domestic Customer', '', ''),
('oxidpowershopper', 1, 'Powershopper', 'Powershopper', '', ''),
('oxiddealer', 1, 'H�ndler', 'Retailer', '', ''),
('oxidnewsletter', 1, 'Newsletter-Abonnenten', 'Newsletter Recipients', '', ''),
('oxidadmin', 1, 'Shop-Admin', 'Store Administrator', '', ''),
('oxidpriceb', 1, 'Preis B', 'Price B', '', ''),
('oxidpricea', 1, 'Preis A', 'Price A', '', ''),
('oxidpricec', 1, 'Preis C', 'Price C', '', ''),
('oxidblocked', 1, 'BLOCKED', 'BLOCKED', '', ''),
('oxidcustomer', 1, 'Kunde', 'Customer', '', ''),
('oxidnotyetordered', 1, 'Noch nicht gekauft', 'Not Yet Purchased', '', '');

INSERT INTO `oxnewssubscribed` (`OXID`, `OXSHOPID`, `OXUSERID`, `OXSAL`, `OXFNAME`, `OXLNAME`, `OXEMAIL`, `OXDBOPTIN`, `OXEMAILFAILED`, `OXSUBSCRIBED`, `OXUNSUBSCRIBED`) VALUES
('0b742e66fd94c88b8.61001136', 1, @defaultAdminId, 'MR', 'John', 'Doe', 'admin', 1, 0, '2005-07-26 19:16:09', '0000-00-00 00:00:00');

INSERT INTO `oxobject2group` (`OXID`, `OXSHOPID`, `OXOBJECTID`, `OXGROUPSID`) VALUES
('e913fdd8443ed43e1.51222316', 1, @defaultAdminId, 'oxidadmin');

INSERT INTO `oxpayments` (`OXID`, `OXACTIVE`, `OXDESC`, `OXADDSUM`, `OXADDSUMTYPE`, `OXADDSUMRULES`, `OXFROMBONI`, `OXFROMAMOUNT`, `OXTOAMOUNT`, `OXVALDESC`, `OXCHECKED`, `OXDESC_1`, `OXVALDESC_1`, `OXDESC_2`, `OXVALDESC_2`, `OXDESC_3`, `OXVALDESC_3`, `OXLONGDESC`, `OXLONGDESC_1`, `OXLONGDESC_2`, `OXLONGDESC_3`, `OXSORT`) VALUES
('oxidcashondel', 1, 'Nachnahme', 7.5, 'abs', 0, 0, 0, 1000000, '', 1, 'COD (Cash on Delivery)', '', '', '', '', '', '', '', '', '', 600),
('oxidcreditcard', 1, 'Kreditkarte', 20.9, 'abs', 0, 500, 0, 1000000, 'kktype__@@kknumber__@@kkmonth__@@kkyear__@@kkname__@@kkpruef__@@', 1, 'Credit Card', 'kktype__@@kknumber__@@kkmonth__@@kkyear__@@kkname__@@kkpruef__@@', '', '', '', '', 'Die Belastung Ihrer Kreditkarte erfolgt mit dem Abschluss der Bestellung.', 'Your Credit Card will be charged when you submit the order.', '', '', 500),
('oxiddebitnote', 1, 'Bankeinzug/Lastschrift', 0, 'abs', 0, 0, 0, 1000000, 'lsbankname__@@lsblz__@@lsktonr__@@lsktoinhaber__@@', 0, 'Direct Debit', 'lsbankname__@@lsblz__@@lsktonr__@@lsktoinhaber__@@', '', '', '', '', 'Die Belastung Ihres Kontos erfolgt mit dem Versand der Ware.', 'Your bank account will be charged when the order is shipped.', '', '', 400),
('oxidpayadvance', 1, 'Vorauskasse', 0, 'abs', 0, 0, 0, 1000000, '', 1, 'Cash in advance', '', '', '', '', '', '', '', '', '', 300),
('oxidinvoice', 1, 'Rechnung', 0, 'abs', 0, 800, 0, 1000000, '', 0, 'Invoice', '', '', '', '', '', '', '', '', '', 200),
('oxempty', 1, 'Empty', 0, 'abs', 0, 0, 0, 0, '', 0, 'Empty', '', '', '', '', '', 'for other countries', 'An example. Maybe for use with other countries', '', '', 100);

INSERT INTO `oxseo` (`OXOBJECTID`, `OXIDENT`, `OXSHOPID`, `OXLANG`, `OXSTDURL`, `OXSEOURL`, `OXTYPE`, `OXFIXED`, `OXEXPIRED`, `OXPARAMS`) VALUES
('c8edd7319fdc59a0f28db056f72b4d17', '023abc17c853f9bccc201c5afd549a92', 1, 1, 'index.php?cl=account_wishlist', 'en/my-gift-registry/', 'static', 0, 0, ''),
('e5340b054530ea779fb1802e93c8183e', '02b4c1e4049b1baffba090c95a7edbf7', 1, 0, 'index.php?cl=invite', 'Laden-Sie-Ihre-Freunde/', 'static', 0, 0, ''),
('ada21f25e0cbf52157ea31d5bd5e4699', '0469752d03d80da379a679aaef4c0546', 1, 1, 'index.php?cl=suggest', 'en/recommend/', 'static', 0, 0, ''),
('f52b25bb4e58480a2df8c06b65b4901c', '063c82502d9dd528ce2cc40ceb76ade7', 1, 1, 'index.php?cl=compare', 'en/my-product-comparison/', 'static', 0, 0, ''),
('67c5bcf75ee346bd9566bce6c8', '0d2f22b49c64eaa138d717ec752e3be3', 1, 0, 'index.php?cl=credits&amp;oxcid=67c5bcf75ee346bd9566bce6c8', 'Credits/', 'oxcontent', 1, 0, ''),
('8854fb64f8934f8d399eac52cca4136f', '1368f5e45468ca1e1c7c84f174785c35', 1, 1, 'index.php?cl=account_noticelist', 'en/my-wish-list/', 'static', 0, 0, ''),
('c8edd7319fdc59a0f28db056f72b4d17', '1f30ae9b1c78b7dc89d3e5fe9eb0de59', 1, 0, 'index.php?cl=account_wishlist', 'mein-wunschzettel/', 'static', 0, 0, ''),
('a9d28c6f1eae708a031d930117fc3740', '3a41965fb36fb45df7f4f9a4377f6364', 1, 1, 'index.php?cl=newsletter', 'en/newsletter/', 'static', 0, 0, ''),
('5abe5ca9e2a5166fb64f0eb76f45edac', '3bdd64bd8073d044d8fd60334ed9b725', 1, 1, 'index.php?cl=start', 'en/home/', 'static', 0, 0, ''),
('9c08d8934d13b2af47383f5a24fedb5c', '4a70a4cd11d63fdce96fbe4ba8e714e6', 1, 1, 'index.php?cnid=oxmore&amp;cl=alist', 'en/more/', 'static', 0, 0, ''),
('9c08d8934d13b2af47383f5a24fedb5c', '4d3d4d70b09b5d2bd992991361374c67', 1, 0, 'index.php?cnid=oxmore&amp;cl=alist', 'mehr/', 'static', 0, 0, ''),
('21eddcf0e16b9fbdb044f4d9678b55c6', '510fef34e5d9b86f6a77af949d15950e', 1, 1, 'index.php?cl=account', 'en/my-account/', 'static', 0, 0, ''),
('9d0f22a4f43ea825f9cd3ebf5a7bde23', '5668048844927ca2767140c219e04efc', 1, 1, 'index.php?cl=account_user', 'en/my-address/', 'static', 0, 0, ''),
('3ebbaef4dd461b3c12020f8a076f0212', '5cc081514a72b0ce3d7eec4fb1e6f1dd', 1, 1, 'index.php?cl=forgotpwd', 'en/forgot-password/', 'static', 0, 0, ''),
('c4b506be468a1f71f2eb6e7bbceb0c57', '5d752e9e8302eeb21df24d1aee573234', 1, 0, 'index.php?cl=wishlist', 'wunschzettel/', 'static', 0, 0, ''),
('70cc13db1bda9cdb8403879a11032e5a', '5eb126725ba500e6bbf1aecaa876dc48', 1, 1, 'index.php?cl=review', 'en/product-review/', 'static', 0, 0, ''),
('079db242c1b848e874f3ac299edc9d77', '637daadf1eaad2b9641333c2b1572883', 1, 0, 'index.php?cl=news', 'news/', 'static', 0, 0, ''),
('0b1c46ce2b6d34d1a25e1719809f9f8d', '6b30b01fe01b80894efc0f29610e5215', 1, 0, 'index.php?cl=account_password', 'mein-passwort/', 'static', 0, 0, ''),
('0b1c46ce2b6d34d1a25e1719809f9f8d', '6c890ac1255a99f8d1eb46f1193843d6', 1, 1, 'index.php?cl=account_password', 'en/my-password/', 'static', 0, 0, ''),
('e2af574a8e963c354d4555159e54a516', '7685924d3f3fb7e9bda421c57f665af4', 1, 1, 'index.php?cl=contact', 'en/contact/', 'static', 0, 0, ''),
('ada21f25e0cbf52157ea31d5bd5e4699', '82dd672d68d8f6c943f98ccdaecda691', 1, 0, 'index.php?cl=suggest', 'empfehlen/', 'static', 0, 0, ''),
('21eddcf0e16b9fbdb044f4d9678b55c6', '89c5e6bf1b5441599c4815281debe8df', 1, 0, 'index.php?cl=account', 'mein-konto/', 'static', 0, 0, ''),
('fc0914f85af554513b2bfc8f09368244', '8afe769d3de8b5db0a872b23f959dd36', 1, 1, 'index.php?cl=download', 'en/download/', 'static', 0, 0, ''),
('67a55f21d85ee47a3431b8292758a7a1', '8e7ebaebb0a810576453082e1f8f2fa3', 1, 1, 'index.php?cl=account_recommlist', 'en/my-listmania-list/', 'static', 0, 0, ''),
('f41fdc9d234527d959c9d4c412c8cca7', '9372b6be2d98021fb93302a6a34bfc8c', 1, 1, 'index.php?cl=recommlist', 'en/Recommendation-Lists/', 'static', 0, 0, ''),
('7ec4cddc7e3fe3bcf0410569355ff84e', '9508bb0d70121d49e4d4554c5b1af81d', 1, 0, 'index.php?cl=links', 'links/', 'static', 0, 0, ''),
('bb8c75b6c8a3932f504250014529b78b', '9ff5c21cbc84dbfe815013236e132baf', 1, 1, 'index.php?cl=account_order', 'en/order-history/', 'static', 0, 0, ''),
('67c5bcf75ee346bd9566bce6c8',       'a150a7b6945213daa7f138e1a042cbb4', 1, 1, 'index.php?cl=credits&amp;oxcid=67c5bcf75ee346bd9566bce6c8', 'en/Credits/', 'oxcontent', 1, 0, ''),
('2b3cb8ed3e86f31772f1ac6ac83315db', 'a1b330b85c6f51fd9b50b1eb19707d84', 1, 1, 'index.php?cl=register', 'en/open-account/', 'static', 0, 0, ''),
('8854fb64f8934f8d399eac52cca4136f', 'a24b03f1a3f73c325a7647e6039e2359', 1, 0, 'index.php?cl=account_noticelist', 'mein-merkzettel/', 'static', 0, 0, ''),
('f41fdc9d234527d959c9d4c412c8cca7', 'a4e5995182ade3cf039800c0ec2d512d', 1, 0, 'index.php?cl=recommlist', 'Empfehlungslisten/', 'static', 0, 0, ''),
('e5340b054530ea779fb1802e93c8183e', 'a6b775aec57d06b46a958efbafdc7875', 1, 1, 'index.php?cl=invite', 'en/Invite-your-friends/', 'static', 0, 0, ''),
('9d0f22a4f43ea825f9cd3ebf5a7bde23', 'a7d5ab5a4e87693998c5aec066dda6e6', 1, 0, 'index.php?cl=account_user', 'meine-adressen/', 'static', 0, 0, ''),
('3ebbaef4dd461b3c12020f8a076f0212', 'a9afb500184c584fb5ab2ad9b4162e96', 1, 0, 'index.php?cl=forgotpwd', 'passwort-vergessen/', 'static', 0, 0, ''),
('2b3cb8ed3e86f31772f1ac6ac83315db', 'acddcfef9c25bcae3b96eb00669541ff', 1, 0, 'index.php?cl=register', 'konto-eroeffnen/', 'static', 0, 0, ''),
('c4b506be468a1f71f2eb6e7bbceb0c57', 'b93b703d313e89662773cffaab750f1d', 1, 1, 'index.php?cl=wishlist', 'en/gift-registry/', 'static', 0, 0, ''),
('67a55f21d85ee47a3431b8292758a7a1', 'baa3b653a618696b06c70a6dda95ebde', 1, 0, 'index.php?cl=account_recommlist', 'meine-lieblingslisten/', 'static', 0, 0, ''),
('fc0914f85af554513b2bfc8f09368244', 'c552cb8718cde5cb792e181f78f5fde1', 1, 0, 'index.php?cl=download', 'download/', 'static', 0, 0, ''),
('882acc7454f973844d4917515181dcba', 'c74bbaf961498de897ba7eb98fea8274', 1, 1, 'index.php?cl=account_downloads', 'en/my-downloads/', 'static', 0, 0, ''),
('70cc13db1bda9cdb8403879a11032e5a', 'cc28156a4f728c1b33e7e02fd846628e', 1, 0, 'index.php?cl=review', 'bewertungen/', 'static', 0, 0, ''),
('5abe5ca9e2a5166fb64f0eb76f45edac', 'ccca27059506a916fb64d673a5dd676b', 1, 0, 'index.php?cl=start', 'startseite/', 'static', 0, 0, ''),
('f52b25bb4e58480a2df8c06b65b4901c', 'e0dd29a75947539da6b1924d31c9849f', 1, 0, 'index.php?cl=compare', 'mein-produktvergleich/', 'static', 0, 0, ''),
('079db242c1b848e874f3ac299edc9d77', 'e5a8de0e49e91c5728eadfcb233bdbd1', 1, 1, 'index.php?cl=news', 'en/news/', 'static', 0, 0, ''),
('a9d28c6f1eae708a031d930117fc3740', 'e604233c5a2804d21ec0252a445e93d3', 1, 0, 'index.php?cl=newsletter', 'newsletter/', 'static', 0, 0, ''),
('8be5f76ba0ed85f4c2fd9e57cd137a05', 'e6331d115f5323610c639ef2f0369f8a', 1, 0, 'index.php?cl=basket', 'warenkorb/', 'static', 0, 0, ''),
('bb8c75b6c8a3932f504250014529b78b', 'eb692d07ec8608d943db0a3bca29c4ce', 1, 0, 'index.php?cl=account_order', 'bestellhistorie/', 'static', 0, 0, ''),
('8be5f76ba0ed85f4c2fd9e57cd137a05', 'ecaf0240f9f46bbee5ffc6dd73d0b7f0', 1, 1, 'index.php?cl=basket', 'en/cart/', 'static', 0, 0, ''),
('882acc7454f973844d4917515181dcba', 'f1c7ccb53fc8d6f239b39d2fc2b76829', 1, 0, 'index.php?cl=account_downloads', 'de/my-downloads/', 'static', 0, 0, ''),
('7ec4cddc7e3fe3bcf0410569355ff84e', 'f80ace8f87e1d7f446ab1fa58f275f4c', 1, 1, 'index.php?cl=links', 'en/links/', 'static', 0, 0, ''),
('943173edecf6d6870a0f357b8ac84d32', 'f8335c84c1daa5b13657124f45c0e08b', 1, 0, 'index.php?cl=alist&amp;cnid=943173edecf6d6870a0f357b8ac84d32', 'Wakeboarding/', 'oxcategory', 0, 0, ''),
('e2af574a8e963c354d4555159e54a516', 'f9d1a02ab749dc360c4e21f21de1beaf', 1, 0, 'index.php?cl=contact', 'kontakt/', 'static', 0, 0, ''),
('0f4270b89fbef1481958381410a0dbca', 'fad614c0f4922228623ae0696b55481f', 1, 1, 'index.php?cl=alist&amp;cnid=0f4270b89fbef1481958381410a0dbca', 'en/Wakeboarding/Wakeboards/', 'oxcategory', 1, 0, ''),
('d21804a99d13c9cc50c0c6206547922f', 'd50c753d406338d92f52fe55de1e98dd', 1, 1, 'index.php?cl=clearcookies', 'en/cookies/', 'static', 0, 0, ''),
('d21804a99d13c9cc50c0c6206547922f', '295d6617dc22b6d8186667ecd6e3ae87', 1, 0, 'index.php?cl=clearcookies', 'cookies/', 'static', 0, 0, '');

INSERT INTO `oxshops` (`OXID`, `OXACTIVE`, `OXPRODUCTIVE`, `OXDEFCURRENCY`, `OXDEFLANGUAGE`, `OXNAME`, `OXTITLEPREFIX`, `OXTITLEPREFIX_1`, `OXTITLEPREFIX_2`, `OXTITLEPREFIX_3`, `OXTITLESUFFIX`, `OXTITLESUFFIX_1`, `OXTITLESUFFIX_2`, `OXTITLESUFFIX_3`, `OXSTARTTITLE`, `OXSTARTTITLE_1`, `OXSTARTTITLE_2`, `OXSTARTTITLE_3`, `OXINFOEMAIL`, `OXORDEREMAIL`, `OXOWNEREMAIL`, `OXORDERSUBJECT`, `OXREGISTERSUBJECT`, `OXFORGOTPWDSUBJECT`, `OXSENDEDNOWSUBJECT`, `OXORDERSUBJECT_1`, `OXREGISTERSUBJECT_1`, `OXFORGOTPWDSUBJECT_1`, `OXSENDEDNOWSUBJECT_1`, `OXORDERSUBJECT_2`, `OXREGISTERSUBJECT_2`, `OXFORGOTPWDSUBJECT_2`, `OXSENDEDNOWSUBJECT_2`, `OXORDERSUBJECT_3`, `OXREGISTERSUBJECT_3`, `OXFORGOTPWDSUBJECT_3`, `OXSENDEDNOWSUBJECT_3`, `OXSMTP`, `OXSMTPUSER`, `OXSMTPPWD`, `OXCOMPANY`, `OXSTREET`, `OXZIP`, `OXCITY`, `OXCOUNTRY`, `OXBANKNAME`, `OXBANKNUMBER`, `OXBANKCODE`, `OXVATNUMBER`, `OXTAXNUMBER`, `OXBICCODE`, `OXIBANNUMBER`, `OXFNAME`, `OXLNAME`, `OXTELEFON`, `OXTELEFAX`, `OXURL`, `OXDEFCAT`, `OXHRBNR`, `OXCOURT`, `OXADBUTLERID`, `OXAFFILINETID`, `OXSUPERCLICKSID`, `OXAFFILIWELTID`, `OXAFFILI24ID`, `OXEDITION`, `OXVERSION`, `OXSEOACTIVE`, `OXSEOACTIVE_1`, `OXSEOACTIVE_2`, `OXSEOACTIVE_3`) VALUES
(1, 1, 0, '', 0, 'OXID eShop 6', 'OXID eShop 6', 'OXID eShop 6', '', '', 'online kaufen', 'purchase online', '', '', 'Der Onlineshop', 'Online Shop', '', '', 'info@myoxideshop.com', 'reply@myoxideshop.com', 'order@myoxideshop.com', 'Ihre Bestellung bei OXID eSales', 'Vielen Dank f�r Ihre Registrierung im OXID eShop', 'Ihr Passwort im OXID eShop', 'Ihre OXID eSales Bestellung wurde versandt', 'Your order at OXID eShop', 'Thank you for your registration at OXID eShop', 'Your OXID eShop password', 'Your OXID eSales Order has been shipped', '', '', '', '', '', '', '', '', '', '', '', 'Your Company Name', '2425 Maple Street', '9041', 'Any City, CA', 'United States', 'Bank of America', '1234567890', '900 1234567', '', '', '', '', 'John', 'Doe', '217-8918712', '217-8918713', 'www.myoxideshop.com', '', '', '', '', '', '', '', '', 'CE', '6.0.0-beta.2', 1, 1, 0, 0);

INSERT INTO `oxstates` (`OXID`, `OXCOUNTRYID`, `OXTITLE`, `OXISOALPHA2`, `OXTITLE_1`, `OXTITLE_2`, `OXTITLE_3`) VALUES
('AB', '8f241f11095649d18.02676059', 'Alberta', 'AB', 'Alberta', '', ''),
('BC', '8f241f11095649d18.02676059', 'Britisch-Kolumbien', 'BC', 'British Columbia', '', ''),
('MB', '8f241f11095649d18.02676059', 'Manitoba', 'MB', 'Manitoba', '', ''),
('NB', '8f241f11095649d18.02676059', 'Neubraunschweig', 'NB', 'New Brunswick', '', ''),
('NF', '8f241f11095649d18.02676059', 'Neufundland und Labrador', 'NF', 'Newfoundland and Labrador', '', ''),
('NT', '8f241f11095649d18.02676059', 'Nordwest-Territorien', 'NT', 'Northwest Territories', '', ''),
('NS', '8f241f11095649d18.02676059', 'Nova Scotia', 'NS', 'Nova Scotia', '', ''),
('NU', '8f241f11095649d18.02676059', 'Nunavut', 'NU', 'Nunavut', '', ''),
('ON', '8f241f11095649d18.02676059', 'Ontario', 'ON', 'Ontario', '', ''),
('PE', '8f241f11095649d18.02676059', 'Prince Edward Island', 'PE', 'Prince Edward Island', '', ''),
('QC', '8f241f11095649d18.02676059', 'Quebec', 'QC', 'Quebec', '', ''),
('SK', '8f241f11095649d18.02676059', 'Saskatchewan', 'SK', 'Saskatchewan', '', ''),
('YK', '8f241f11095649d18.02676059', 'Yukon', 'YK', 'Yukon', '', ''),
('AL', '8f241f11096877ac0.98748826', 'Alabama', 'AL', 'Alabama', '', ''),
('AK', '8f241f11096877ac0.98748826', 'Alaska', 'AK', 'Alaska', '', ''),
('AS', '8f241f11096877ac0.98748826', 'Amerikanisch-Samoa', 'AS', 'American Samoa', '', ''),
('AZ', '8f241f11096877ac0.98748826', 'Arizona', 'AZ', 'Arizona', '', ''),
('AR', '8f241f11096877ac0.98748826', 'Arkansas', 'AR', 'Arkansas', '', ''),
('CA', '8f241f11096877ac0.98748826', 'Kalifornien', 'CA', 'California', '', ''),
('CO', '8f241f11096877ac0.98748826', 'Colorado', 'CO', 'Colorado', '', ''),
('CT', '8f241f11096877ac0.98748826', 'Connecticut', 'CT', 'Connecticut', '', ''),
('DE', '8f241f11096877ac0.98748826', 'Delaware', 'DE', 'Delaware', '', ''),
('DC', '8f241f11096877ac0.98748826', 'District of Columbia', 'DC', 'District of Columbia', '', ''),
('FM', '8f241f11096877ac0.98748826', 'F�derierten Staaten von Mikronesien', 'FM', 'Federated States of Micronesia', '', ''),
('FL', '8f241f11096877ac0.98748826', 'Florida', 'FL', 'Florida', '', ''),
('GA', '8f241f11096877ac0.98748826', 'Georgia', 'GA', 'Georgia', '', ''),
('GU', '8f241f11096877ac0.98748826', 'Guam', 'GU', 'Guam', '', ''),
('HI', '8f241f11096877ac0.98748826', 'Hawaii', 'HI', 'Hawaii', '', ''),
('ID', '8f241f11096877ac0.98748826', 'Idaho', 'ID', 'Idaho', '', ''),
('IL', '8f241f11096877ac0.98748826', 'Illinois', 'IL', 'Illinois', '', ''),
('IN', '8f241f11096877ac0.98748826', 'Indiana', 'IN', 'Indiana', '', ''),
('IA', '8f241f11096877ac0.98748826', 'Iowa', 'IA', 'Iowa', '', ''),
('KS', '8f241f11096877ac0.98748826', 'Kansas', 'KS', 'Kansas', '', ''),
('KY', '8f241f11096877ac0.98748826', 'Kentucky', 'KY', 'Kentucky', '', ''),
('LA', '8f241f11096877ac0.98748826', 'Louisiana', 'LA', 'Louisiana', '', ''),
('ME', '8f241f11096877ac0.98748826', 'Maine', 'ME', 'Maine', '', ''),
('MH', '8f241f11096877ac0.98748826', 'Marshallinseln', 'MH', 'Marshall Islands', '', ''),
('MD', '8f241f11096877ac0.98748826', 'Maryland', 'MD', 'Maryland', '', ''),
('MA', '8f241f11096877ac0.98748826', 'Massachusetts', 'MA', 'Massachusetts', '', ''),
('MI', '8f241f11096877ac0.98748826', 'Michigan', 'MI', 'Michigan', '', ''),
('MN', '8f241f11096877ac0.98748826', 'Minnesota', 'MN', 'Minnesota', '', ''),
('MS', '8f241f11096877ac0.98748826', 'Mississippi', 'MS', 'Mississippi', '', ''),
('MO', '8f241f11096877ac0.98748826', 'Missouri', 'MO', 'Missouri', '', ''),
('MT', '8f241f11096877ac0.98748826', 'Montana', 'MT', 'Montana', '', ''),
('NE', '8f241f11096877ac0.98748826', 'Nebraska', 'NE', 'Nebraska', '', ''),
('NV', '8f241f11096877ac0.98748826', 'Nevada', 'NV', 'Nevada', '', ''),
('NH', '8f241f11096877ac0.98748826', 'New Hampshire', 'NH', 'New Hampshire', '', ''),
('NJ', '8f241f11096877ac0.98748826', 'New Jersey', 'NJ', 'New Jersey', '', ''),
('NM', '8f241f11096877ac0.98748826', 'Neumexiko', 'NM', 'New Mexico', '', ''),
('NY', '8f241f11096877ac0.98748826', 'New York', 'NY', 'New York', '', ''),
('NC', '8f241f11096877ac0.98748826', 'North Carolina', 'NC', 'North Carolina', '', ''),
('ND', '8f241f11096877ac0.98748826', 'North Dakota', 'ND', 'North Dakota', '', ''),
('MP', '8f241f11096877ac0.98748826', 'N�rdlichen Marianen', 'MP', 'Northern Mariana Islands', '', ''),
('OH', '8f241f11096877ac0.98748826', 'Ohio', 'OH', 'Ohio', '', ''),
('OK', '8f241f11096877ac0.98748826', 'Oklahoma', 'OK', 'Oklahoma', '', ''),
('OR', '8f241f11096877ac0.98748826', 'Oregon', 'OR', 'Oregon', '', ''),
('PW', '8f241f11096877ac0.98748826', 'Palau', 'PW', 'Palau', '', ''),
('PA', '8f241f11096877ac0.98748826', 'Pennsylvania', 'PA', 'Pennsylvania', '', ''),
('PR', '8f241f11096877ac0.98748826', 'Puerto Rico', 'PR', 'Puerto Rico', '', ''),
('RI', '8f241f11096877ac0.98748826', 'Rhode Island', 'RI', 'Rhode Island', '', ''),
('SC', '8f241f11096877ac0.98748826', 'S�dkarolina', 'SC', 'South Carolina', '', ''),
('SD', '8f241f11096877ac0.98748826', 'S�ddakota', 'SD', 'South Dakota', '', ''),
('TN', '8f241f11096877ac0.98748826', 'Tennessee', 'TN', 'Tennessee', '', ''),
('TX', '8f241f11096877ac0.98748826', 'Texas', 'TX', 'Texas', '', ''),
('UT', '8f241f11096877ac0.98748826', 'Utah', 'UT', 'Utah', '', ''),
('VT', '8f241f11096877ac0.98748826', 'Vermont', 'VT', 'Vermont', '', ''),
('VI', '8f241f11096877ac0.98748826', 'Jungferninseln', 'VI', 'Virgin Islands', '', ''),
('VA', '8f241f11096877ac0.98748826', 'Virginia', 'VA', 'Virginia', '', ''),
('WA', '8f241f11096877ac0.98748826', 'Washington', 'WA', 'Washington', '', ''),
('WV', '8f241f11096877ac0.98748826', 'West Virginia', 'WV', 'West Virginia', '', ''),
('WI', '8f241f11096877ac0.98748826', 'Wisconsin', 'WI', 'Wisconsin', '', ''),
('WY', '8f241f11096877ac0.98748826', 'Wyoming', 'WY', 'Wyoming', '', ''),
('AA', '8f241f11096877ac0.98748826', 'Armed Forces Americas', 'AA', 'Armed Forces Americas', '', ''),
('AE', '8f241f11096877ac0.98748826', 'Armed Forces', 'AE', 'Armed Forces', '', ''),
('AP', '8f241f11096877ac0.98748826', 'Armed Forces Pacific', 'AP', 'Armed Forces Pacific', '', '');

INSERT INTO `oxuser` (`OXID`, `OXACTIVE`, `OXRIGHTS`, `OXSHOPID`, `OXUSERNAME`, `OXPASSWORD`, `OXPASSSALT`, `OXCUSTNR`, `OXUSTID`, `OXCOMPANY`, `OXFNAME`, `OXLNAME`, `OXSTREET`, `OXSTREETNR`, `OXADDINFO`, `OXCITY`, `OXCOUNTRYID`, `OXSTATEID`, `OXZIP`, `OXFON`, `OXFAX`, `OXSAL`, `OXBONI`, `OXCREATE`, `OXREGISTER`, `OXPRIVFON`, `OXMOBFON`, `OXBIRTHDATE`, `OXURL`, `OXUPDATEKEY`, `OXUPDATEEXP`, `OXPOINTS`) VALUES
(@defaultAdminId, 1, 'malladmin', 1, 'admin', 'ac81eb18344087cdaf5e83f31b3e10a82dec17db499daf0aa11937731e9abd3ff4ec29808a9827946505fd1665b3ed1ed6be9d1c04c44dcbfa920c84fe2e3ba1', '61646D696E', 1, '', 'Your Company Name', 'John', 'Doe', 'Maple Street', '2425', '', 'Any City', 'a7c40f631fc920687.20179984', '', '9041', '217-8918712', '217-8918713', 'MR', 1000, '2003-01-01 00:00:00', '2003-01-01 00:00:00', '', '', '0000-00-00', '', '', 0, 0);
